-- phpMyAdmin SQL Dump

-- version 5.1.3

-- https://www.phpmyadmin.net/

--

-- Počítač: 127.0.0.1

-- Vytvořeno: Pon 14. lis 2022, 00:37

-- Verze serveru: 10.4.24-MariaDB

-- Verze PHP: 7.4.28

SET SQL_MODE = "NO_AUTO_VALUE_ON_ZERO";

START TRANSACTION;

SET time_zone = "+00:00";

/*!40101 SET @OLD_CHARACTER_SET_CLIENT=@@CHARACTER_SET_CLIENT */

;

/*!40101 SET @OLD_CHARACTER_SET_RESULTS=@@CHARACTER_SET_RESULTS */

;

/*!40101 SET @OLD_COLLATION_CONNECTION=@@COLLATION_CONNECTION */

;

/*!40101 SET NAMES utf8mb4 */

;

--

-- Databáze: `laravel_fortify_tabler_ui`

--

-- --------------------------------------------------------

--

-- Struktura tabulky `departments`

--

CREATE TABLE
    `departments` (
        `id` bigint(20) UNSIGNED NOT NULL,
        `department_code` varchar(255) COLLATE utf8mb4_unicode_ci NOT NULL,
        `center_code` varchar(255) COLLATE utf8mb4_unicode_ci NOT NULL,
        `color_id` varchar(255) COLLATE utf8mb4_unicode_ci NOT NULL,
        `department_name` varchar(255) COLLATE utf8mb4_unicode_ci NOT NULL
    ) ENGINE = InnoDB DEFAULT CHARSET = utf8mb4 COLLATE = utf8mb4_unicode_ci;

--

-- Vypisuji data pro tabulku `departments`

--

INSERT INTO
    `departments` (
        `id`,
        `department_code`,
        `center_code`,
        `color_id`,
        `department_name`
    )
VALUES (
        1,
        '401',
        '4501',
        'blue',
        'Interní oddělení'
    ), (
        2,
        '402',
        '4502',
        'azure',
        'Endokrinologická ambulance'
    ), (
        3,
        '403',
        '4503',
        'azure',
        'Příjmová interní ambulance'
    ), (
        4,
        '404',
        '4507',
        'azure',
        'Gastroenterologická ambulance'
    ), (
        5,
        '405',
        '4507',
        'azure',
        'Interní odborné ambulance'
    ), (
        6,
        '407',
        '4512',
        'purple',
        'Neurologické oddělení'
    ), (
        7,
        '408',
        '4513',
        'purple',
        'Neurologická ambulance'
    ), (
        8,
        '410',
        '4501',
        'lime',
        'Odělení chirurgie páteře'
    ), (
        9,
        '411',
        '4521',
        'lime',
        'JIP oddělení chirurgie páteře a ortopedie'
    ), (
        10,
        '412',
        '4524',
        'lime',
        'Ambulance chirurgie páteře'
    ), (
        11,
        '413',
        '4551',
        'green',
        'Rehabilitační oddělení'
    ), (
        12,
        '414',
        '4552',
        'green',
        'Rehabilitační ambulance'
    ), (
        13,
        '415',
        '4558',
        'cyan',
        'Oddělení pracovního lékařství'
    ), (14, '417', '4547', 'pink', 'OKB'), (15, '418', '4549', 'red', 'RDG'), (
        16,
        '419',
        '4522',
        'lime',
        'Operační sály'
    ), (
        17,
        '420',
        '4110',
        'yellow',
        'Ředitelství'
    ), (
        18,
        '421',
        '4120',
        'orange',
        'Stravovací provoz - kantýna'
    ), (
        19,
        '422',
        '4130',
        'muted',
        'Úklid'
    ), (
        20,
        '424',
        '4528',
        'lime',
        'Anesteziologická ambulance'
    ), (
        21,
        '425',
        '4504',
        'azure',
        'Diabetologická ambulance'
    ), (
        22,
        '426',
        '4141',
        'teal',
        'Lékárna KHN'
    ), (
        23,
        '427',
        '4510',
        'indigo',
        'Mezioborová JIP'
    ), (
        24,
        '428',
        '4524',
        'muted',
        'Provozní úsek'
    ), (
        25,
        '429',
        '4150',
        'muted',
        'Údržba'
    ), (
        26,
        '432',
        '4507',
        'azure',
        'Ambulance infuzní terapie'
    ), (
        27,
        '433',
        '4524',
        'lime',
        'Mamologická poradna'
    ), (
        28,
        '434',
        '4525',
        'orange',
        'Ortopedické oddělení'
    ), (
        29,
        '436',
        '4143',
        'teal',
        'Lékárna KHN v Ráji'
    ), (
        30,
        '437',
        '4560',
        'orange',
        'Oddělení následné péče'
    ), (
        31,
        '999',
        '9999',
        'green',
        'Externí pracovník'
    );

-- --------------------------------------------------------

--

-- Struktura tabulky `department_colors`

--

CREATE TABLE
    `department_colors` (
        `id` bigint(20) UNSIGNED NOT NULL,
        `code` varchar(255) COLLATE utf8mb4_unicode_ci NOT NULL,
        `name` varchar(255) COLLATE utf8mb4_unicode_ci NOT NULL
    ) ENGINE = InnoDB DEFAULT CHARSET = utf8mb4 COLLATE = utf8mb4_unicode_ci;

--

-- Vypisuji data pro tabulku `department_colors`

--

INSERT INTO
    `department_colors` (`id`, `code`, `name`)
VALUES (1, 'muted', 'Šedá'), (2, 'blue', 'Modrá'), (3, 'azure', 'Azurová'), (4, 'indigo', 'Indigo'), (5, 'purple', 'Fialová'), (6, 'pink', 'Růžová'), (7, 'red', 'Červená'), (8, 'orange', 'Oranžová'), (9, 'yellow', 'Žlutá'), (10, 'lime', 'Limetová'), (11, 'green', 'Zelená'), (12, 'teal', 'Modrozelená'), (13, 'cyan', 'Tyrkysová');

-- --------------------------------------------------------

--

-- Struktura tabulky `employees`

--

CREATE TABLE
    `employees` (
        `id` bigint(20) UNSIGNED NOT NULL,
        `personal_number` varchar(255) COLLATE utf8mb4_unicode_ci NOT NULL,
        `image` varchar(255) COLLATE utf8mb4_unicode_ci NOT NULL DEFAULT '00000.jpg',
        `title_preffix` varchar(255) COLLATE utf8mb4_unicode_ci DEFAULT NULL,
        `last_name` varchar(255) COLLATE utf8mb4_unicode_ci NOT NULL,
        `middle_name` varchar(255) COLLATE utf8mb4_unicode_ci DEFAULT NULL,
        `married_name` varchar(255) COLLATE utf8mb4_unicode_ci DEFAULT NULL,
        `first_name` varchar(255) COLLATE utf8mb4_unicode_ci NOT NULL,
        `title_suffix` varchar(255) COLLATE utf8mb4_unicode_ci DEFAULT NULL,
        `department_id` varchar(255) COLLATE utf8mb4_unicode_ci NOT NULL,
        `job_id` varchar(255) COLLATE utf8mb4_unicode_ci NOT NULL,
        `email` varchar(255) COLLATE utf8mb4_unicode_ci DEFAULT NULL,
        `start_date` date DEFAULT NULL,
        `end_date` date DEFAULT NULL,
        `comment` varchar(255) COLLATE utf8mb4_unicode_ci DEFAULT NULL,
        `phone` varchar(255) COLLATE utf8mb4_unicode_ci DEFAULT NULL,
        `mobile` varchar(255) COLLATE utf8mb4_unicode_ci DEFAULT NULL,
        `id_card` varchar(255) COLLATE utf8mb4_unicode_ci NOT NULL,
        `coffee` enum('A', 'N') COLLATE utf8mb4_unicode_ci DEFAULT 'N',
        `employment` varchar(255) COLLATE utf8mb4_unicode_ci NOT NULL,
        `status` enum(
            'active',
            'inactive',
            'maternal'
        ) COLLATE utf8mb4_unicode_ci NOT NULL DEFAULT 'inactive',
        `created_at` timestamp NULL DEFAULT NULL,
        `updated_at` timestamp NULL DEFAULT NULL
    ) ENGINE = InnoDB DEFAULT CHARSET = utf8mb4 COLLATE = utf8mb4_unicode_ci;

--

-- Vypisuji data pro tabulku `employees`

--

INSERT INTO
    `employees` (
        `id`,
        `personal_number`,
        `image`,
        `title_preffix`,
        `last_name`,
        `middle_name`,
        `married_name`,
        `first_name`,
        `title_suffix`,
        `department_id`,
        `job_id`,
        `email`,
        `start_date`,
        `end_date`,
        `comment`,
        `phone`,
        `mobile`,
        `id_card`,
        `coffee`,
        `employment`,
        `status`,
        `created_at`,
        `updated_at`
    )
VALUES (
        1,
        '63705',
        '63705.jpg',
        NULL,
        'Bajgerová',
        NULL,
        NULL,
        'Jana',
        NULL,
        '23',
        '55',
        NULL,
        '1996-02-01',
        NULL,
        'a31561',
        NULL,
        '725669166',
        'Vydáno',
        NULL,
        'HPP',
        'active',
        '2020-02-09 21:00:00',
        '2022-11-13 12:59:44'
    ), (
        2,
        '64108',
        '64108.jpg',
        NULL,
        'Blínová',
        NULL,
        NULL,
        'Andrea',
        NULL,
        '14',
        '36',
        NULL,
        '1996-02-01',
        NULL,
        'a908c9',
        NULL,
        NULL,
        'Vydáno',
        NULL,
        'HPP',
        'active',
        '2020-02-09 21:00:00',
        '2022-11-13 15:09:48'
    ), (
        3,
        '61228',
        '61228.jpg',
        'Bc.',
        'Bojková',
        NULL,
        NULL,
        'Monika',
        NULL,
        '7',
        '41',
        NULL,
        '1996-02-01',
        NULL,
        '7833e8',
        '110',
        '606789967',
        'Vydáno',
        NULL,
        'HPP',
        'active',
        '2020-02-09 21:00:00',
        '2022-11-13 15:09:10'
    ), (
        4,
        '60321',
        '60321.jpg',
        'MUDr.',
        'Brzeżański',
        NULL,
        NULL,
        'Henryk',
        NULL,
        '6',
        '12',
        'brzezanski@khn.cz',
        '1996-02-01',
        NULL,
        '7833e8',
        '244',
        '602584406',
        'Vydáno',
        '',
        'HPP',
        'active',
        '2020-02-09 21:00:00',
        '2022-07-04 07:02:42'
    ), (
        5,
        '60512',
        '60512.jpg',
        'MUDr.',
        'Cibulková',
        NULL,
        NULL,
        'Zdeňka',
        NULL,
        '1',
        '12',
        NULL,
        '1996-02-01',
        NULL,
        'c90818',
        '271',
        '602526884',
        'Vydáno',
        NULL,
        'HPP',
        'active',
        '2020-02-09 21:00:00',
        '2022-11-13 22:25:21'
    ), (
        6,
        '62417',
        '62417.jpg',
        NULL,
        'Cyroňová',
        NULL,
        NULL,
        'Irena',
        NULL,
        '6',
        '41',
        'cyronova@khn.cz',
        '1996-02-01',
        NULL,
        '7833e8',
        '201',
        '725669171',
        'Vydáno',
        '',
        'HPP',
        'active',
        '2020-02-09 21:00:00',
        '2022-06-13 03:10:11'
    ), (
        7,
        '61606',
        '61606.jpg',
        'MUDr.',
        'Czolková',
        NULL,
        NULL,
        'Andrea',
        NULL,
        '6',
        '12',
        NULL,
        '1996-02-01',
        NULL,
        '7833e8',
        '202',
        '725669167',
        'Vydáno',
        '',
        'HPP',
        'active',
        '2020-02-09 21:00:00',
        '2022-06-13 10:03:00'
    ), (
        9,
        '60611',
        '60611.jpg',
        NULL,
        'Čierniková',
        NULL,
        NULL,
        'Marcela',
        NULL,
        '24',
        '33',
        'ciernikova@khn.cz',
        '1996-02-01',
        NULL,
        '999999',
        '114',
        '602459731',
        'Vydáno',
        '',
        'HPP',
        'active',
        '2020-02-09 21:00:00',
        '2022-06-13 03:12:18'
    ), (
        10,
        '61021',
        '61021.jpg',
        NULL,
        'Galiová',
        NULL,
        NULL,
        'Marcela',
        NULL,
        '13',
        '55',
        NULL,
        '1996-02-01',
        NULL,
        NULL,
        '509',
        NULL,
        'Vydáno',
        '',
        'HPP',
        'active',
        '2020-02-09 21:00:00',
        '2022-10-04 08:49:44'
    ), (
        11,
        '64511',
        '64511.jpg',
        NULL,
        'Galmusová',
        NULL,
        NULL,
        'Kamila',
        NULL,
        '16',
        '36',
        NULL,
        '1996-02-01',
        NULL,
        '94f700',
        '',
        '',
        'Vydáno',
        '',
        'HPP',
        'active',
        '2020-02-09 21:00:00',
        '2020-03-04 05:00:59'
    ), (
        12,
        '61018',
        '61018.jpg',
        NULL,
        'Gondeková',
        NULL,
        NULL,
        'Eva',
        NULL,
        '11',
        '36',
        NULL,
        '1996-02-01',
        NULL,
        '66c908',
        '',
        '',
        'Vydáno',
        '',
        'HPP',
        'active',
        '2020-02-09 21:00:00',
        '2020-02-20 03:20:04'
    ), (
        14,
        '61220',
        '61220.jpg',
        NULL,
        'Halfarová',
        NULL,
        NULL,
        'Dana',
        NULL,
        '11',
        '55',
        NULL,
        '1996-02-01',
        NULL,
        '66c908',
        '',
        '',
        'Vydáno',
        '',
        'HPP',
        'active',
        '2020-02-09 21:00:00',
        '2020-02-20 03:12:01'
    ), (
        15,
        '64202',
        '64202.jpg',
        NULL,
        'Halouzková',
        NULL,
        NULL,
        'Vladimíra',
        NULL,
        '23',
        '55',
        NULL,
        '1996-02-01',
        NULL,
        'a31561',
        '',
        '',
        'Vydáno',
        '',
        'HPP',
        'active',
        '2020-02-09 21:00:00',
        NULL
    ), (
        16,
        '62522',
        '62522.jpg',
        NULL,
        'Hondlová',
        NULL,
        NULL,
        'Milena',
        NULL,
        '9',
        '55',
        NULL,
        '1996-02-01',
        NULL,
        'd9fa05',
        '',
        '725669177',
        'Vydáno',
        '',
        'HPP',
        'active',
        '2020-02-09 21:00:00',
        NULL
    ), (
        17,
        '61513',
        '61513.jpg',
        'MUDr.',
        'Jonsztová',
        NULL,
        NULL,
        'Kristina',
        NULL,
        '7',
        '12',
        'jonsztova@khn.cz',
        '1996-02-01',
        NULL,
        '7833e8',
        NULL,
        NULL,
        'Vydáno',
        '',
        'HPP',
        'active',
        '2020-02-09 21:00:00',
        '2022-06-13 05:16:03'
    ), (
        18,
        '61604',
        '61604.jpg',
        'MUDr.',
        'Kalina',
        NULL,
        NULL,
        'František',
        NULL,
        '14',
        '12',
        NULL,
        '1996-02-01',
        NULL,
        'a908c9',
        '183',
        '602704385',
        'Vydáno',
        NULL,
        'HPP',
        'active',
        '2020-02-09 21:00:00',
        '2022-11-13 15:09:59'
    ), (
        19,
        '61617',
        '61617.jpg',
        NULL,
        'Kašingová',
        NULL,
        NULL,
        'Miroslava',
        NULL,
        '28',
        '41',
        'kasingova@khn.cz',
        '1996-02-01',
        NULL,
        'ffa600',
        '148',
        '602792242',
        'Vydáno',
        '',
        'HPP',
        'active',
        '2020-02-09 21:00:00',
        '2022-06-13 05:13:40'
    ), (
        20,
        '63601',
        '63601.jpg',
        'Mgr.',
        'Kiedroňová',
        NULL,
        NULL,
        'Halina',
        NULL,
        '15',
        '52',
        'kiedronova@khn.cz',
        '1996-02-01',
        NULL,
        'c90818',
        '424',
        '606774044',
        'Vydáno',
        '',
        'HPP',
        'active',
        '2020-02-09 21:00:00',
        '2022-06-13 05:13:10'
    ), (
        22,
        '62303',
        '62303.jpg',
        NULL,
        'Kusová',
        NULL,
        NULL,
        'Zdeňka',
        NULL,
        '13',
        '41',
        'kusova@khn.cz',
        '1996-02-01',
        NULL,
        NULL,
        '532',
        '606789971',
        'Vydáno',
        '',
        'HPP',
        'active',
        '2020-02-09 21:00:00',
        '2022-06-13 02:40:46'
    ), (
        23,
        '62106',
        '62106.jpg',
        NULL,
        'Kuzníková',
        NULL,
        NULL,
        'Jaroslava',
        NULL,
        '13',
        '55',
        'kuznikova@khn.cz',
        '1996-02-01',
        NULL,
        NULL,
        '508',
        '606789972',
        'Vydáno',
        '',
        'HPP',
        'active',
        '2020-02-09 21:00:00',
        '2022-09-05 07:06:30'
    ), (
        25,
        '62217',
        '62217.jpg',
        NULL,
        'Lazengová',
        NULL,
        NULL,
        'Iveta',
        NULL,
        '14',
        '65',
        NULL,
        '1996-02-01',
        NULL,
        'a908c9',
        NULL,
        NULL,
        'Vydáno',
        NULL,
        'HPP',
        'active',
        '2020-02-09 21:00:00',
        '2022-11-13 15:10:04'
    ), (
        26,
        '61022',
        '61022.jpg',
        NULL,
        'Matejčíková',
        NULL,
        NULL,
        'Alžbeta',
        NULL,
        '5',
        '55',
        'matejcikova@khn.cz',
        '1996-02-01',
        NULL,
        '4287f5',
        NULL,
        NULL,
        'Vydáno',
        '',
        'HPP',
        'active',
        '2020-02-09 21:00:00',
        '2022-06-13 02:38:00'
    ), (
        29,
        '62501',
        '62501.jpg',
        NULL,
        'Mistrová',
        NULL,
        NULL,
        'Jiřina',
        NULL,
        '7',
        '55',
        NULL,
        '1996-02-01',
        NULL,
        '7833e8',
        NULL,
        '606789967',
        'Vydáno',
        '',
        'HPP',
        'active',
        '2020-02-09 21:00:00',
        '2022-09-20 09:59:44'
    ), (
        30,
        '62718',
        '62718.jpg',
        NULL,
        'Mrkvová',
        NULL,
        NULL,
        'Michaela',
        NULL,
        '23',
        '55',
        'mrkvova@khn.cz',
        '1996-02-01',
        NULL,
        'a31561',
        NULL,
        '724022625',
        'Vydáno',
        '',
        'HPP',
        'active',
        '2020-02-09 21:00:00',
        '2022-06-13 02:33:07'
    ), (
        31,
        '62625',
        '62625.jpg',
        'MUDr.',
        'Najder',
        NULL,
        NULL,
        'Roman',
        NULL,
        '15',
        '30',
        'najder@khn.cz',
        '1996-02-01',
        NULL,
        'c90818',
        '417',
        '602459741',
        'Vydáno',
        '',
        'HPP',
        'active',
        '2020-02-09 21:00:00',
        '2022-06-13 02:32:51'
    ), (
        32,
        '62603',
        '62603.jpg',
        NULL,
        'Němcová',
        NULL,
        NULL,
        'Anna',
        NULL,
        '22',
        '36',
        NULL,
        '1996-02-01',
        NULL,
        '2c612a',
        '',
        '',
        'Vydáno',
        '',
        'HPP',
        'active',
        '2020-02-09 21:00:00',
        NULL
    ), (
        34,
        '62707',
        '62707.jpg',
        NULL,
        'Ochodková',
        NULL,
        NULL,
        'Jaroslava',
        NULL,
        '23',
        '55',
        NULL,
        '1996-02-01',
        NULL,
        'a31561',
        '',
        '',
        'Vydáno',
        '',
        'HPP',
        'active',
        '2020-02-09 21:00:00',
        NULL
    ), (
        35,
        '62719',
        '62719.jpg',
        NULL,
        'Opolková',
        NULL,
        NULL,
        'Renáta',
        NULL,
        '18',
        'pomocný pracovník',
        NULL,
        '1996-02-01',
        NULL,
        'ffa200',
        '',
        '',
        'Vydáno',
        '',
        'HPP',
        'active',
        '2020-02-09 21:00:00',
        '2020-02-27 08:55:24'
    ), (
        37,
        '60527',
        '60527.jpg',
        NULL,
        'Popková',
        NULL,
        NULL,
        'Iveta',
        NULL,
        '9',
        '41',
        'popkova@khn.cz',
        '1996-02-01',
        NULL,
        'd9fa05',
        '439, 152',
        '724938780',
        'Vydáno',
        '',
        'HPP',
        'active',
        '2020-02-09 21:00:00',
        '2022-10-04 06:12:18'
    ), (
        38,
        '63017',
        '63017.jpg',
        'Bc.',
        'Pribula',
        NULL,
        NULL,
        'Marek',
        NULL,
        '15',
        'radiologický asistent, technik BOZP',
        'pribula@khn.cz',
        '1996-02-01',
        NULL,
        'c90818',
        '334',
        '605721963',
        'Vydáno',
        '',
        'HPP',
        'active',
        '2020-02-09 21:00:00',
        '2022-06-13 02:27:43'
    ), (
        40,
        '63518',
        '63518.jpg',
        'Bc.',
        'Sigmundová',
        NULL,
        NULL,
        'Pavla',
        NULL,
        '14',
        '65',
        NULL,
        '1996-02-01',
        NULL,
        'a908c9',
        '102',
        '730188190',
        'Vydáno',
        NULL,
        'HPP',
        'active',
        '2020-02-09 21:00:00',
        '2022-11-13 15:11:57'
    ), (
        42,
        '63719',
        '63719.jpg',
        'MUDr.',
        'Střída',
        NULL,
        NULL,
        'Josef',
        NULL,
        '4',
        '12',
        'strida@khn.cz',
        '1996-02-01',
        NULL,
        '4287f5',
        '226',
        '725669160',
        'Vydáno',
        '',
        'HPP',
        'active',
        '2020-02-09 21:00:00',
        '2022-06-13 02:23:38'
    ), (
        44,
        '62014',
        '62014_20221113-202008.jpg',
        NULL,
        'Ščučinská',
        NULL,
        NULL,
        'Eva',
        NULL,
        '5',
        '55',
        NULL,
        '1996-02-01',
        NULL,
        '4287f5',
        NULL,
        NULL,
        'Vydáno',
        NULL,
        'HPP',
        'active',
        '2020-02-09 21:00:00',
        '2022-11-13 19:20:08'
    ), (
        45,
        '64101',
        '64101.jpg',
        NULL,
        'Valičková',
        NULL,
        NULL,
        'Lenka',
        NULL,
        '18',
        '11',
        NULL,
        '1996-02-01',
        NULL,
        'ffa200',
        '',
        '',
        'Vydáno',
        '',
        'HPP',
        'active',
        '2020-02-09 21:00:00',
        '2020-02-27 08:53:44'
    ), (
        46,
        '64327',
        '64327.jpg',
        NULL,
        'Valová',
        NULL,
        NULL,
        'Hana',
        'DiS.',
        '15',
        'radiologický asistent',
        NULL,
        '1996-02-01',
        NULL,
        'c90818',
        '',
        '',
        'Vydáno',
        '',
        'HPP',
        'active',
        '2020-02-09 21:00:00',
        NULL
    ), (
        47,
        '64510',
        '64510.jpg',
        NULL,
        'Wojnarová',
        NULL,
        NULL,
        'Marcela',
        NULL,
        '17',
        '1',
        'wojnarova@khn.cz',
        '1996-02-01',
        NULL,
        'ffee00',
        '441',
        '606685606',
        'Vydáno',
        '',
        'HPP',
        'active',
        '2020-02-09 21:00:00',
        '2022-06-13 02:09:57'
    ), (
        48,
        '64517',
        '64517.jpg',
        NULL,
        'Woznica',
        NULL,
        NULL,
        'Pavel',
        NULL,
        '18',
        '42',
        NULL,
        '1996-02-01',
        NULL,
        'ffa200',
        '',
        '',
        'Vydáno',
        '',
        'HPP',
        'active',
        '2020-02-09 21:00:00',
        NULL
    ), (
        49,
        '61926',
        '61926.jpg',
        NULL,
        'Lehocká',
        NULL,
        NULL,
        'Bohumila',
        NULL,
        '13',
        '55',
        NULL,
        '1996-02-03',
        NULL,
        NULL,
        '509',
        NULL,
        'Vydáno',
        '',
        'HPP',
        'active',
        '2020-02-09 21:00:00',
        '2022-10-04 08:49:24'
    ), (
        50,
        '63727',
        '63727.jpg',
        NULL,
        'Vítová',
        NULL,
        NULL,
        'Dana',
        NULL,
        '18',
        'skladnice',
        'vitova@khn.cz',
        '1996-02-12',
        NULL,
        'ffa200',
        NULL,
        NULL,
        'Vydáno',
        '',
        'HPP',
        'active',
        '2020-02-09 21:00:00',
        '2022-06-13 02:14:28'
    ), (
        51,
        '60303',
        '60303.jpg',
        'Bc.',
        'Bělica',
        NULL,
        NULL,
        'René',
        NULL,
        '17',
        '32',
        NULL,
        '1996-03-01',
        NULL,
        'ffee00',
        '106',
        '606763529',
        'Vydáno',
        NULL,
        'HPP',
        'active',
        '2020-02-09 21:00:00',
        '2022-11-13 22:27:45'
    ), (
        53,
        '61405',
        '61405.jpg',
        NULL,
        'Jedrzejek',
        NULL,
        NULL,
        'Urszula',
        NULL,
        '23',
        '55',
        'jedrzejek@khn.cz',
        '1996-10-15',
        NULL,
        'a31561',
        NULL,
        NULL,
        'Vydáno',
        '',
        'HPP',
        'active',
        '2020-02-09 21:00:00',
        '2022-06-13 05:17:22'
    ), (
        54,
        '64806',
        '64806.jpg',
        NULL,
        'Zeman',
        NULL,
        NULL,
        'Petr',
        NULL,
        '12',
        '9',
        NULL,
        '1997-02-01',
        NULL,
        '66c908',
        '',
        '',
        'Vydáno',
        '',
        'HPP',
        'active',
        '2020-02-09 21:00:00',
        NULL
    ), (
        55,
        '60804',
        '60804.jpg',
        'Bc.',
        'Trombalová',
        NULL,
        NULL,
        'Hana',
        'DiS.',
        '15',
        'radiologický asistent',
        'trombalova@khn.cz',
        '1997-03-01',
        NULL,
        'c90818',
        '174',
        '604375747',
        'Vydáno',
        '',
        'HPP',
        'active',
        '2020-02-09 21:00:00',
        '2022-06-13 02:17:50'
    ), (
        57,
        '62204',
        '62204.jpg',
        NULL,
        'Malcharová',
        NULL,
        NULL,
        'Simona',
        NULL,
        '23',
        '55',
        'malcharova@khn.cz',
        '1997-05-01',
        NULL,
        'a31561',
        NULL,
        NULL,
        'Vydáno',
        '',
        'HPP',
        'active',
        '2020-02-09 21:00:00',
        '2022-06-13 02:38:36'
    ), (
        58,
        '64505',
        '64505.jpg',
        'MUDr.',
        'Polášková',
        NULL,
        NULL,
        'Urszula',
        NULL,
        '7',
        '12',
        NULL,
        '1997-09-01',
        NULL,
        '7833e8',
        '',
        '',
        'Vydáno',
        '',
        'HPP',
        'active',
        '2020-02-09 21:00:00',
        NULL
    ), (
        59,
        '61209',
        '61209.jpg',
        NULL,
        'Hlistová',
        NULL,
        NULL,
        'Monika',
        NULL,
        '14',
        '36',
        NULL,
        '1997-10-01',
        NULL,
        'a908c9',
        NULL,
        NULL,
        'Vydáno',
        NULL,
        'HPP',
        'active',
        '2020-02-09 21:00:00',
        '2022-11-13 15:11:26'
    ), (
        60,
        '61830',
        '61830.jpg',
        NULL,
        'Kořínková',
        NULL,
        NULL,
        'Renáta',
        NULL,
        '11',
        '55',
        NULL,
        '1998-03-30',
        NULL,
        '66c908',
        '',
        '',
        'Vydáno',
        '',
        'HPP',
        'active',
        '2020-02-09 21:00:00',
        '2020-02-20 03:17:25'
    ), (
        61,
        '60103',
        '60103.jpg',
        NULL,
        'Albrechtová',
        NULL,
        NULL,
        'Hana',
        NULL,
        '7',
        '55',
        NULL,
        '1998-04-01',
        NULL,
        '7833e8',
        NULL,
        NULL,
        'Vydáno',
        NULL,
        'HPP',
        'active',
        '2020-02-09 21:00:00',
        '2022-11-13 12:05:42'
    ), (
        62,
        '60212',
        '60212.jpg',
        NULL,
        'Bělocká',
        NULL,
        NULL,
        'Romana',
        NULL,
        '7',
        '55',
        'belocka@khn.cz',
        '1998-07-01',
        NULL,
        '7833e8',
        '560',
        '734643007',
        'Vydáno',
        '',
        'HPP',
        'active',
        '2020-02-09 21:00:00',
        '2022-06-13 02:07:13'
    ), (
        63,
        '60208',
        '60208.jpg',
        NULL,
        'Walicová',
        NULL,
        NULL,
        'Kateřina',
        NULL,
        '28',
        '55',
        NULL,
        '1999-07-01',
        NULL,
        'ffa600',
        '',
        '',
        'Vydáno',
        '',
        'HPP',
        'active',
        '2020-02-09 21:00:00',
        NULL
    ), (
        64,
        '60204',
        '60204.jpg',
        'MUDr.',
        'Böhm',
        NULL,
        NULL,
        'Marek',
        NULL,
        '6',
        '12',
        'bohm@khn.cz',
        '1999-08-04',
        NULL,
        '7833e8',
        NULL,
        '724787369',
        'Vydáno',
        '',
        'DPP',
        'active',
        '2020-02-09 21:00:00',
        '2022-09-20 08:47:33'
    ), (
        65,
        '61301',
        '61301.jpg',
        NULL,
        'Bojková',
        NULL,
        NULL,
        'Renáta',
        'DiS.',
        '12',
        '5',
        NULL,
        '1999-09-01',
        NULL,
        '66c908',
        '',
        '',
        'Vydáno',
        '',
        'HPP',
        'active',
        '2020-02-09 21:00:00',
        '2020-02-20 03:02:42'
    ), (
        66,
        '63427',
        '63427.jpg',
        'Mgr.',
        'Syrový',
        NULL,
        NULL,
        'Stanislav',
        NULL,
        '12',
        '9',
        NULL,
        '1999-09-01',
        NULL,
        '66c908',
        '',
        '',
        'Vydáno',
        '',
        'HPP',
        'active',
        '2020-02-09 21:00:00',
        NULL
    ), (
        67,
        '62004',
        '62004.jpg',
        NULL,
        'Kucejová',
        NULL,
        NULL,
        'Eva',
        NULL,
        '24',
        'recepční',
        NULL,
        '2000-01-14',
        NULL,
        '999999',
        '',
        '',
        'Vydáno',
        '',
        'HPP',
        'active',
        '2020-02-09 21:00:00',
        NULL
    ), (
        68,
        '63006',
        '63006.jpg',
        NULL,
        'Němečková',
        NULL,
        NULL,
        'Simona',
        NULL,
        '4',
        '55',
        NULL,
        '2000-02-01',
        NULL,
        '4287f5',
        NULL,
        NULL,
        'Vydáno',
        '',
        'HPP',
        'active',
        '2020-02-09 21:00:00',
        '2021-09-27 05:55:12'
    ), (
        69,
        '61607',
        '61607.jpg',
        NULL,
        'Přibylová',
        NULL,
        NULL,
        'Adriana',
        'DiS.',
        '12',
        '9',
        NULL,
        '2000-08-01',
        NULL,
        '66c908',
        '',
        '',
        'Vydáno',
        '',
        'HPP',
        'active',
        '2020-02-09 21:00:00',
        NULL
    ), (
        70,
        '61801',
        '61801.jpg',
        NULL,
        'Kokyová',
        NULL,
        NULL,
        'Marcela',
        NULL,
        '18',
        'vedoucí kantýny',
        'kokyova@khn.cz',
        '2001-05-02',
        NULL,
        'ffa200',
        NULL,
        NULL,
        'Vydáno',
        '',
        'HPP',
        'active',
        '2020-02-09 21:00:00',
        '2022-06-13 05:11:16'
    ), (
        71,
        '63815',
        '63815.jpg',
        NULL,
        'Šebestová',
        NULL,
        NULL,
        'Andrea',
        NULL,
        '18',
        '31',
        NULL,
        '2001-05-02',
        NULL,
        'ffa200',
        '',
        '',
        'Vydáno',
        '',
        'HPP',
        'active',
        '2020-02-09 21:00:00',
        '2020-03-03 11:36:47'
    ), (
        72,
        '63615',
        '63615.jpg',
        NULL,
        'Smolková',
        NULL,
        NULL,
        'Romana',
        NULL,
        '6',
        '55',
        'smolkova@khn.cz',
        '2001-07-02',
        NULL,
        '7833e8',
        NULL,
        NULL,
        'Vydáno',
        '',
        'HPP',
        'active',
        '2020-02-09 21:00:00',
        '2022-06-13 02:24:54'
    ), (
        73,
        '64301',
        '64301.jpg',
        NULL,
        'Vaculíková',
        NULL,
        NULL,
        'Ivana',
        NULL,
        '24',
        'recepční',
        NULL,
        '2001-07-18',
        NULL,
        '999999',
        NULL,
        NULL,
        'Vydáno',
        '',
        'HPP',
        'active',
        '2020-02-09 21:00:00',
        '2021-02-25 09:25:04'
    ), (
        74,
        '61009',
        '61009.jpg',
        NULL,
        'Valošková',
        NULL,
        NULL,
        'Andrea',
        NULL,
        '8',
        '55',
        'valoskova@khn.cz',
        '2001-09-03',
        NULL,
        'd9fa05',
        NULL,
        NULL,
        'Vydáno',
        '',
        'HPP',
        'active',
        '2020-02-09 21:00:00',
        '2022-06-13 02:16:22'
    ), (
        75,
        '63405',
        '63405.jpg',
        'MUDr.',
        'Krajnová',
        NULL,
        'Samiecová',
        'Pavla',
        NULL,
        '13',
        '12',
        'krajnova@khn.cz',
        '2001-12-01',
        NULL,
        NULL,
        '504',
        '725669175',
        'Vydáno',
        '',
        'HPP',
        'active',
        '2020-02-09 21:00:00',
        '2022-06-13 05:09:46'
    ), (
        76,
        '63413',
        '63413.jpg',
        NULL,
        'Seberová',
        NULL,
        NULL,
        'Iveta',
        NULL,
        '13',
        '55',
        NULL,
        '2002-01-01',
        NULL,
        '089cc9',
        '',
        '',
        'Vydáno',
        '',
        'HPP',
        'active',
        '2020-02-09 21:00:00',
        NULL
    ), (
        77,
        '60601',
        '60601.jpg',
        'MUDr.',
        'Capková',
        NULL,
        NULL,
        'Halina',
        NULL,
        '13',
        '12',
        'capkova@khn.cz',
        '2002-02-01',
        '2022-06-13',
        NULL,
        '541',
        '724370844',
        'Vydáno',
        '',
        'HPP',
        'active',
        '2020-02-09 21:00:00',
        '2022-06-13 03:03:29'
    ), (
        78,
        '61805',
        '61805.jpg',
        'Bc.',
        'Křístková',
        NULL,
        'Křístková',
        'Martina',
        NULL,
        '17',
        '13',
        NULL,
        '2002-03-01',
        NULL,
        '222222',
        NULL,
        '602555685',
        'Vydáno',
        NULL,
        'HPP',
        'active',
        '2020-02-09 21:00:00',
        '2022-11-13 15:12:20'
    ), (
        80,
        '61217',
        '61217.jpg',
        NULL,
        'Hermanová',
        NULL,
        NULL,
        'Lenka',
        NULL,
        '15',
        '55',
        NULL,
        '2002-06-01',
        NULL,
        'c90818',
        '',
        '',
        'Vydáno',
        '',
        'HPP',
        'active',
        '2020-02-09 21:00:00',
        '2020-02-17 09:31:06'
    ), (
        81,
        '60907',
        '60907.jpg',
        NULL,
        'Folwarczná',
        NULL,
        NULL,
        'Monika',
        NULL,
        '9',
        '55',
        NULL,
        '2002-06-17',
        NULL,
        'd9fa05',
        '',
        '',
        'Vydáno',
        '',
        'HPP',
        'active',
        '2020-02-09 21:00:00',
        '2020-02-17 09:29:35'
    ), (
        82,
        '62309',
        '62309.jpg',
        NULL,
        'Cuperová',
        NULL,
        NULL,
        'Veronika',
        NULL,
        '9',
        '55',
        NULL,
        '2002-07-01',
        NULL,
        'd9fa05',
        '',
        '',
        'Vydáno',
        '',
        'HPP',
        'active',
        '2020-02-09 21:00:00',
        NULL
    ), (
        83,
        '61506',
        '61506.jpg',
        'MUDr.',
        'Janiková',
        NULL,
        NULL,
        'Eva',
        NULL,
        '9',
        '12',
        NULL,
        '2002-08-01',
        NULL,
        'd9fa05',
        '423',
        '724229073',
        'Vydáno',
        '',
        'HPP',
        'active',
        '2020-02-09 21:00:00',
        '2021-01-22 11:12:40'
    ), (
        84,
        '63416',
        '63416.jpg',
        'MUDr.',
        'Sýkora',
        NULL,
        NULL,
        'Dušan',
        NULL,
        '8',
        '12',
        'sykora@khn.cz',
        '2002-09-01',
        NULL,
        'd9fa05',
        '143',
        '724228682',
        'Vydáno',
        '',
        'HPP',
        'active',
        '2020-02-09 21:00:00',
        '2022-06-13 03:13:42'
    ), (
        85,
        '63213',
        '63213.jpg',
        NULL,
        'Reitzová',
        NULL,
        NULL,
        'Martina',
        NULL,
        '16',
        '55',
        NULL,
        '2002-09-02',
        NULL,
        '94f700',
        '',
        '',
        'Vydáno',
        '',
        'HPP',
        'active',
        '2020-02-09 21:00:00',
        '2020-02-27 09:50:56'
    ), (
        86,
        '61720',
        '61720.jpg',
        NULL,
        'Kurusová',
        NULL,
        NULL,
        'Alexandra',
        NULL,
        '13',
        '55',
        NULL,
        '2002-10-02',
        NULL,
        '089cc9',
        '',
        '',
        'Vydáno',
        '',
        'HPP',
        'active',
        '2020-02-09 21:00:00',
        NULL
    ), (
        87,
        '63818',
        '63818.jpg',
        NULL,
        'Špičková',
        NULL,
        NULL,
        'Darja',
        NULL,
        '1',
        '3',
        NULL,
        '2002-10-07',
        NULL,
        '4287f5',
        '223',
        NULL,
        'Vydáno',
        '',
        'HPP',
        'active',
        '2020-02-09 21:00:00',
        '2022-05-30 06:10:55'
    ), (
        89,
        '60329',
        '60329.jpg',
        'MUDr.',
        'Buzek',
        NULL,
        NULL,
        'David',
        NULL,
        '8',
        '30',
        'buzek@khn.cz',
        '2003-03-03',
        NULL,
        'd9fa05',
        '456',
        '602459774',
        'Vydáno',
        '',
        'HPP',
        'active',
        '2020-02-09 21:00:00',
        '2022-06-13 02:53:13'
    ), (
        90,
        '62414',
        '62414.jpg',
        'MUDr.',
        'Miškej',
        NULL,
        NULL,
        'Marek',
        NULL,
        '8',
        '12',
        'miskej@khn.cz',
        '2003-03-17',
        NULL,
        'd9fa05',
        '412',
        '602526877',
        'Vydáno',
        '',
        'HPP',
        'active',
        '2020-02-09 21:00:00',
        '2022-06-13 02:36:57'
    ), (
        91,
        '61020',
        '61020.jpg',
        NULL,
        'Górniaková',
        NULL,
        NULL,
        'Kateřina',
        NULL,
        '16',
        '55',
        'gorniakova@khn.cz',
        '2003-05-01',
        NULL,
        '94f700',
        NULL,
        '602411637',
        'Vydáno',
        '',
        'HPP',
        'active',
        '2020-02-09 21:00:00',
        '2022-09-20 09:36:20'
    ), (
        92,
        '61224',
        '61224.jpg',
        'MUDr.',
        'Hurtová',
        NULL,
        NULL,
        'Šárka',
        NULL,
        '9',
        '12',
        'hurtova@khn.cz',
        '2003-05-01',
        NULL,
        'd9fa05',
        '423',
        '606685250',
        'Vydáno',
        '',
        'HPP',
        'active',
        '2020-02-09 21:00:00',
        '2022-06-13 05:02:15'
    ), (
        93,
        '62715',
        '62715.jpg',
        'Mgr.',
        'Klenková',
        NULL,
        NULL,
        'Veronika',
        NULL,
        '23',
        '55',
        NULL,
        '2003-07-01',
        NULL,
        'a31561',
        NULL,
        NULL,
        'Vydáno',
        '',
        'HPP',
        'maternal',
        '2020-02-09 21:00:00',
        '2022-07-12 05:00:37'
    ), (
        94,
        '62328',
        '62328.jpg',
        'Mgr.',
        'Stulová',
        NULL,
        'Martanová',
        'Monika',
        'DiS.',
        '12',
        '9',
        NULL,
        '2003-07-01',
        NULL,
        '66c908',
        '',
        '',
        'Vydáno',
        '',
        'HPP',
        'active',
        '2020-02-09 21:00:00',
        '2020-06-19 06:26:33'
    ), (
        95,
        '64311',
        '64311.jpg',
        NULL,
        'Raszyková Vilhanová',
        NULL,
        NULL,
        'Ivana',
        NULL,
        '12',
        '36',
        NULL,
        '2003-07-08',
        NULL,
        '66c908',
        '',
        '',
        'Vydáno',
        '',
        'HPP',
        'active',
        '2020-02-09 21:00:00',
        '2020-03-04 06:16:34'
    ), (
        97,
        '61026',
        'no_image.png',
        'MUDr.',
        'Guňka',
        NULL,
        NULL,
        'Josef',
        NULL,
        '28',
        '12',
        NULL,
        '2003-08-01',
        NULL,
        'ffa600',
        '145',
        '602562055',
        'Vydáno',
        NULL,
        'HPP',
        'active',
        '2020-02-09 21:00:00',
        '2022-11-12 15:25:58'
    ), (
        99,
        '60307',
        '60307.jpg',
        'MUDr.',
        'Blažík',
        NULL,
        NULL,
        'Martin',
        NULL,
        '23',
        '12',
        'blazik@khn.cz',
        '2003-09-01',
        NULL,
        'a31561',
        '475',
        '602572711',
        'Vydáno',
        '',
        'HPP',
        'active',
        '2020-02-09 21:00:00',
        '2022-06-13 02:48:58'
    ), (
        100,
        '61001',
        '61001.jpg',
        NULL,
        'Gálová',
        NULL,
        NULL,
        'Jitka',
        'DiS.',
        '12',
        '5',
        NULL,
        '2003-09-01',
        NULL,
        '66c908',
        '',
        '',
        'Vydáno',
        '',
        'HPP',
        'active',
        '2020-02-09 21:00:00',
        '2020-02-20 03:02:58'
    ), (
        101,
        '60309',
        '60309.jpg',
        NULL,
        'Bernatíková',
        NULL,
        NULL,
        'Zuzana',
        NULL,
        '16',
        '41',
        'bernatikova@khn.cz',
        '2003-09-18',
        NULL,
        '94f700',
        '151',
        '725669178',
        'Vydáno',
        '',
        'HPP',
        'active',
        '2020-02-09 21:00:00',
        '2022-06-13 02:47:03'
    ), (
        102,
        '60320',
        '60320.jpg',
        NULL,
        'Doffková',
        NULL,
        NULL,
        'Zuzana',
        NULL,
        '30',
        '41',
        'doffkova@khn.cz',
        '2003-10-20',
        NULL,
        'a31561',
        '166',
        '732441640',
        'Vydáno',
        '',
        'HPP',
        'active',
        '2020-02-09 21:00:00',
        '2022-08-04 03:55:44'
    ), (
        103,
        '61027',
        '61027.jpg',
        NULL,
        'Grzybková',
        NULL,
        NULL,
        'Jiřina',
        'DiS.',
        '12',
        '5',
        NULL,
        '2003-11-03',
        NULL,
        '66c908',
        '',
        '',
        'Vydáno',
        '',
        'HPP',
        'active',
        '2020-02-09 21:00:00',
        '2020-02-20 03:04:51'
    ), (
        104,
        '60211',
        '60211.jpg',
        NULL,
        'Betlachová',
        NULL,
        NULL,
        'Ivana',
        NULL,
        '5',
        '55',
        'betlachova@khn.cz',
        '2003-12-02',
        NULL,
        '4287f5',
        '225',
        '603814627',
        'Vydáno',
        '',
        'HPP',
        'active',
        '2020-02-09 21:00:00',
        '2022-06-13 02:47:22'
    ), (
        106,
        '62219',
        '62219.jpg',
        NULL,
        'Lukáčová',
        NULL,
        NULL,
        'Ester',
        NULL,
        '23',
        '20',
        NULL,
        '2004-06-01',
        NULL,
        'a31561',
        '',
        '',
        'Vydáno',
        '',
        'HPP',
        'active',
        '2020-02-09 21:00:00',
        NULL
    ), (
        107,
        '63217',
        '63217.jpg',
        NULL,
        'Rácová',
        NULL,
        NULL,
        'Renáta',
        NULL,
        '19',
        '22',
        NULL,
        '2004-06-01',
        NULL,
        '999999',
        '',
        '',
        'Vydáno',
        '',
        'HPP',
        'active',
        '2020-02-09 21:00:00',
        NULL
    ), (
        108,
        '62412',
        '62412.jpg',
        'MUDr.',
        'Dianovská',
        NULL,
        NULL,
        'Anna',
        NULL,
        '1',
        '12',
        NULL,
        '2004-06-14',
        NULL,
        '4287f5',
        '',
        '',
        'Vydáno',
        '',
        'HPP',
        'active',
        '2020-02-09 21:00:00',
        NULL
    ), (
        109,
        '61019',
        '61019.jpg',
        'Mgr.',
        'Gracová',
        NULL,
        NULL,
        'Silvie',
        'DiS.',
        '12',
        '9',
        NULL,
        '2021-01-01',
        NULL,
        '66c908',
        '',
        '',
        'Vydáno',
        '',
        'HPP',
        'active',
        '2020-02-09 21:00:00',
        '2021-01-21 06:46:38'
    ), (
        110,
        '63822',
        '63822.jpg',
        NULL,
        'Štromajerová',
        NULL,
        NULL,
        'Lenka',
        NULL,
        '19',
        '22',
        NULL,
        '2004-07-01',
        NULL,
        '999999',
        '',
        '',
        'Vydáno',
        '',
        'HPP',
        'active',
        '2020-02-09 21:00:00',
        NULL
    ), (
        111,
        '62426',
        '62426.jpg',
        NULL,
        'Mlčůchová',
        NULL,
        NULL,
        'Jana',
        NULL,
        '9',
        '20',
        NULL,
        '2004-08-03',
        NULL,
        'd9fa05',
        '',
        '',
        'Vydáno',
        '',
        'HPP',
        'active',
        '2020-02-09 21:00:00',
        NULL
    ), (
        112,
        '60604',
        '60604.jpg',
        NULL,
        'Čeřenská',
        NULL,
        NULL,
        'Lenka',
        NULL,
        '8',
        '63',
        'cerenska@khn.cz',
        '2004-09-01',
        NULL,
        'd9fa05',
        NULL,
        '733500767',
        'Vydáno',
        '',
        'HPP',
        'active',
        '2020-02-09 21:00:00',
        '2022-09-20 09:32:20'
    ), (
        113,
        '62009',
        '62009.jpg',
        NULL,
        'Kolatková',
        NULL,
        NULL,
        'Kateřina',
        NULL,
        '22',
        '7',
        NULL,
        '2004-09-01',
        NULL,
        '2c612a',
        '',
        '',
        'Vydáno',
        '',
        'HPP',
        'active',
        '2020-02-09 21:00:00',
        '2020-02-17 08:44:50'
    ), (
        114,
        '61910',
        '61910.jpg',
        'Mgr.',
        'Kunzová',
        NULL,
        NULL,
        'Jana',
        NULL,
        '29',
        'vedoucí farmaceut',
        'kunzova@khn.cz',
        '2004-09-01',
        NULL,
        '2c612a',
        '595390440',
        '724532273',
        'Vydáno',
        '',
        'HPP',
        'active',
        '2020-02-09 21:00:00',
        '2022-06-13 02:44:03'
    ), (
        115,
        '62620',
        '62620.jpg',
        'Ing.',
        'Nováková',
        NULL,
        NULL,
        'Jarmila',
        NULL,
        '17',
        '4',
        'novakova@khn.cz',
        '2004-12-01',
        NULL,
        'ffee00',
        '436',
        '724370891',
        'Vydáno',
        '',
        'HPP',
        'active',
        '2020-02-09 21:00:00',
        '2022-06-13 02:32:27'
    ), (
        116,
        '64015',
        '64015.jpg',
        NULL,
        'Tamášová',
        NULL,
        NULL,
        'Alena',
        NULL,
        '19',
        '22',
        NULL,
        '2005-01-01',
        NULL,
        '999999',
        '',
        '',
        'Vydáno',
        '',
        'HPP',
        'active',
        '2020-02-09 21:00:00',
        NULL
    ), (
        117,
        '62621',
        '62621.jpg',
        NULL,
        'Nolčová',
        NULL,
        NULL,
        'Kateřina',
        NULL,
        '9',
        '55',
        NULL,
        '2005-01-03',
        NULL,
        'd9fa05',
        '',
        '',
        'Vydáno',
        '',
        'HPP',
        'active',
        '2020-02-09 21:00:00',
        '2020-02-17 09:34:50'
    ), (
        118,
        '62818',
        '62818.jpg',
        'MUDr.',
        'Paciorek',
        NULL,
        NULL,
        'Roman',
        NULL,
        '13',
        '12',
        NULL,
        '2005-04-01',
        NULL,
        '089cc9',
        '604',
        '724596078',
        'Vydáno',
        '',
        'HPP',
        'active',
        '2020-02-09 21:00:00',
        NULL
    ), (
        119,
        '63622',
        '63622.jpg',
        'Bc.',
        'Szkwarová',
        NULL,
        NULL,
        'Monika',
        NULL,
        '15',
        'radiologický asistent',
        NULL,
        '2005-04-01',
        NULL,
        'c90818',
        '',
        '',
        'Vydáno',
        '',
        'HPP',
        'active',
        '2020-02-09 21:00:00',
        NULL
    ), (
        120,
        '61316',
        '61316.jpg',
        'MUDr.',
        'Holomek',
        NULL,
        NULL,
        'Karel',
        NULL,
        '9',
        '12',
        'holomek@khn.cz',
        '2005-04-18',
        NULL,
        'd9fa05',
        '427',
        '724513902',
        'Vydáno',
        '',
        'HPP',
        'active',
        '2020-02-09 21:00:00',
        '2022-06-13 03:19:29'
    ), (
        121,
        '61724',
        '61724.jpg',
        NULL,
        'Kozuszniková',
        NULL,
        NULL,
        'Renáta',
        NULL,
        '6',
        '55',
        NULL,
        '2005-05-02',
        NULL,
        '7833e8',
        NULL,
        NULL,
        'Vydáno',
        '',
        'DPP',
        'active',
        '2020-02-09 21:00:00',
        '2022-10-03 02:58:01'
    ), (
        123,
        '64501',
        '64501.jpg',
        NULL,
        'Weber',
        NULL,
        NULL,
        'Martin',
        NULL,
        '18',
        'vedoucí stravovacího provozu',
        'weber@khn.cz',
        '2005-08-01',
        NULL,
        'ffa200',
        '365',
        '602555681',
        'Vydáno',
        '',
        'HPP',
        'active',
        '2020-02-09 21:00:00',
        '2022-06-13 02:11:26'
    ), (
        124,
        '60213',
        '60213.jpg',
        'MUDr.',
        'Bernacká',
        NULL,
        NULL,
        'Janka',
        NULL,
        '5',
        '12',
        'bernacka@khn.cz',
        '2005-09-01',
        NULL,
        '4287f5',
        '231',
        '725669161',
        'Vydáno',
        '',
        'HPP',
        'active',
        '2020-02-09 21:00:00',
        '2022-06-13 02:46:38'
    ), (
        125,
        '61320',
        '61320.jpg',
        'Mgr.',
        'Svozilová',
        NULL,
        'Strzelczoková',
        'Dorota',
        NULL,
        '16',
        '55',
        'svozilova@khn.cz',
        '2005-09-01',
        NULL,
        '94f700',
        NULL,
        '602411637',
        'Vydáno',
        '',
        'HPP',
        'active',
        '2020-02-09 21:00:00',
        '2022-06-13 02:22:24'
    ), (
        126,
        '63819',
        '63819.jpg',
        NULL,
        'Štveráková',
        NULL,
        'Čermáková Jitka',
        'Jitka',
        NULL,
        '28',
        '55',
        NULL,
        '2005-09-16',
        NULL,
        'ffa600',
        '',
        '',
        'Vydáno',
        '',
        'HPP',
        'active',
        '2020-02-09 21:00:00',
        '2021-01-18 07:24:22'
    ), (
        127,
        '64512',
        '64512.jpg',
        NULL,
        'Hanzlová',
        NULL,
        'Waloszková',
        'Petra',
        NULL,
        '15',
        '55',
        NULL,
        '2005-10-01',
        NULL,
        'c90818',
        '',
        '',
        'Vydáno',
        '',
        'HPP',
        'active',
        '2020-02-09 21:00:00',
        '2020-02-17 09:31:28'
    ), (
        128,
        '60901',
        '60901.jpg',
        NULL,
        'Febrová',
        NULL,
        NULL,
        'Andrea',
        NULL,
        '12',
        '55',
        NULL,
        '2005-10-03',
        NULL,
        '66c908',
        '',
        '',
        'Vydáno',
        '',
        'HPP',
        'active',
        '2020-02-09 21:00:00',
        NULL
    ), (
        129,
        '63513',
        '63513.jpg',
        NULL,
        'Majkráková',
        NULL,
        NULL,
        'Věra',
        NULL,
        '9',
        '55',
        NULL,
        '2006-01-02',
        NULL,
        'd9fa05',
        NULL,
        NULL,
        'Vydáno',
        '',
        'HPP',
        'active',
        '2020-02-09 21:00:00',
        '2022-01-11 10:20:31'
    ), (
        130,
        '63501',
        '63501.jpg',
        NULL,
        'Seberová',
        NULL,
        NULL,
        'Jana',
        NULL,
        '12',
        '9',
        NULL,
        '2006-01-02',
        NULL,
        '66c908',
        '',
        '',
        'Vydáno',
        '',
        'HPP',
        'active',
        '2020-02-09 21:00:00',
        NULL
    ), (
        131,
        '61810',
        '61810.jpg',
        NULL,
        'Kovalčíková',
        NULL,
        NULL,
        'Lucie',
        NULL,
        '9',
        '55',
        NULL,
        '2006-02-01',
        NULL,
        'd9fa05',
        '',
        '',
        'Vydáno',
        '',
        'HPP',
        'active',
        '2020-02-09 21:00:00',
        '2020-07-02 07:01:09'
    ), (
        132,
        '61622',
        '61622.jpg',
        NULL,
        'Kozáková',
        NULL,
        NULL,
        'Šárka',
        NULL,
        '16',
        '55',
        NULL,
        '2006-02-01',
        NULL,
        '94f700',
        '',
        '',
        'Vydáno',
        '',
        'HPP',
        'active',
        '2020-02-09 21:00:00',
        '2020-11-20 10:37:35'
    ), (
        134,
        '60528',
        '60528.jpg',
        NULL,
        'Andrlová',
        NULL,
        NULL,
        'Lenka',
        NULL,
        '13',
        '55',
        NULL,
        '2006-03-01',
        NULL,
        NULL,
        NULL,
        NULL,
        'Vydáno',
        NULL,
        'HPP',
        'active',
        '2020-02-09 21:00:00',
        '2022-11-13 12:06:00'
    ), (
        135,
        '60210',
        '60210.jpg',
        NULL,
        'Tomášková',
        NULL,
        NULL,
        'Elena',
        'DiS.',
        '7',
        '55',
        NULL,
        '2006-03-01',
        NULL,
        '7833e8',
        '',
        '',
        'Vydáno',
        '',
        'HPP',
        'active',
        '2020-02-09 21:00:00',
        '2020-09-21 08:58:49'
    ), (
        136,
        '64513',
        '64513.jpg',
        'Bc.',
        'Wrožynová',
        NULL,
        NULL,
        'Romana',
        NULL,
        '15',
        'radiologický asistent',
        NULL,
        '2006-03-01',
        NULL,
        'c90818',
        '',
        '',
        'Vydáno',
        '',
        'HPP',
        'active',
        '2020-02-09 21:00:00',
        '2020-02-17 08:06:09'
    ), (
        137,
        '61806',
        'no_image.png',
        NULL,
        'Zuskinová',
        NULL,
        NULL,
        'Gabriela',
        NULL,
        '9',
        '55',
        NULL,
        '2006-03-01',
        NULL,
        NULL,
        NULL,
        NULL,
        'Vydáno',
        'N',
        'HPP',
        'active',
        '2020-02-09 21:00:00',
        '2022-11-12 17:32:07'
    ), (
        138,
        '61721',
        '61721.jpg',
        NULL,
        'Kučerová',
        NULL,
        NULL,
        'Ivana',
        NULL,
        '6',
        '3',
        'kucerova@khn.cz',
        '2006-04-03',
        NULL,
        '7833e8',
        '115',
        '731129318',
        'Vydáno',
        '',
        'HPP',
        'active',
        '2020-02-09 21:00:00',
        '2022-06-13 05:07:10'
    ), (
        139,
        '60227',
        '60227.jpg',
        NULL,
        'Matisová',
        NULL,
        NULL,
        'Michaela',
        NULL,
        '16',
        '55',
        NULL,
        '2006-07-01',
        NULL,
        '94f700',
        '',
        '',
        'Vydáno',
        '',
        'HPP',
        'active',
        '2020-02-09 21:00:00',
        NULL
    ), (
        141,
        '63713',
        '63713.jpg',
        'MUDr.',
        'Jannová',
        NULL,
        NULL,
        'Zuzana',
        NULL,
        '15',
        '12',
        'jannova@khn.cz',
        '2006-09-01',
        NULL,
        'c90818',
        '267',
        '724540013',
        'Vydáno',
        '',
        'HPP',
        'active',
        '2020-02-09 21:00:00',
        '2022-09-21 02:41:17'
    ), (
        143,
        '60203',
        '60203.jpg',
        NULL,
        'Bartková',
        NULL,
        NULL,
        'Ester',
        NULL,
        '15',
        '55',
        NULL,
        '2006-10-02',
        NULL,
        'c90818',
        '',
        '',
        'Vydáno',
        '',
        'HPP',
        'active',
        '2020-02-09 21:00:00',
        '2020-03-10 12:09:03'
    ), (
        144,
        '63706',
        '63706.jpg',
        'Mgr.',
        'Stašíková',
        NULL,
        NULL,
        'Lucie',
        NULL,
        '29',
        '6',
        'stasikova@khn.cz',
        '2006-10-02',
        NULL,
        '2c612a',
        NULL,
        '606226672',
        'Vydáno',
        '',
        'DPČ',
        'active',
        '2020-02-09 21:00:00',
        '2022-09-21 02:17:15'
    ), (
        145,
        '63710',
        '63710.jpg',
        'MUDr.',
        'Strakoš',
        NULL,
        NULL,
        'Peter',
        NULL,
        '6',
        '12',
        NULL,
        '2007-01-01',
        '2022-06-01',
        '7833e8',
        '244',
        NULL,
        'Vydáno',
        '',
        'DPČ',
        'active',
        '2020-02-09 21:00:00',
        '2022-07-04 07:02:19'
    ), (
        146,
        '61630',
        '61630.jpg',
        NULL,
        'Kufová',
        NULL,
        NULL,
        'Renáta',
        NULL,
        '26',
        '55',
        NULL,
        '2007-01-02',
        NULL,
        '4287f5',
        '',
        '',
        'Vydáno',
        '',
        'HPP',
        'active',
        '2020-02-09 21:00:00',
        '2020-03-02 06:36:14'
    ), (
        147,
        '63722',
        '63722.jpg',
        NULL,
        'Szeruda',
        NULL,
        NULL,
        'Tomáš',
        NULL,
        '25',
        'revizní technik, energetik',
        'szeruda@khn.cz',
        '2007-01-02',
        NULL,
        '999999',
        '430',
        '605773707',
        'Vydáno',
        '',
        'HPP',
        'active',
        '2020-02-09 21:00:00',
        '2022-09-23 09:15:28'
    ), (
        148,
        '64502',
        '64502.jpg',
        NULL,
        'Waloszková',
        NULL,
        NULL,
        'Jadwiga',
        NULL,
        '12',
        '36',
        NULL,
        '2007-01-02',
        NULL,
        '66c908',
        '',
        '',
        'Vydáno',
        '',
        'HPP',
        'active',
        '2020-02-09 21:00:00',
        NULL
    ), (
        149,
        '64304',
        '64304.jpg',
        NULL,
        'Černá',
        NULL,
        'Vařechová',
        'Radka',
        NULL,
        '23',
        '55',
        NULL,
        '2007-01-15',
        NULL,
        'a31561',
        NULL,
        NULL,
        'Vydáno',
        '',
        'HPP',
        'maternal',
        '2020-02-09 21:00:00',
        '2021-10-07 08:28:33'
    ), (
        150,
        '60314',
        '60314.jpg',
        NULL,
        'Brhel',
        NULL,
        NULL,
        'Svatopluk',
        NULL,
        '25',
        'pracovník údržby - elektrikář',
        'brhel@khn.cz',
        '2007-03-01',
        NULL,
        '999999',
        NULL,
        '603568468',
        'Vydáno',
        '',
        'HPP',
        'active',
        '2020-02-09 21:00:00',
        '2022-06-13 02:52:37'
    ), (
        151,
        '60619',
        '60619.jpg',
        NULL,
        'Čiernik',
        NULL,
        NULL,
        'Lubomír',
        NULL,
        '25',
        'pracovník údržby - zámečník',
        'ciernik@khn.cz',
        '2007-03-01',
        NULL,
        '999999',
        NULL,
        '724151283',
        'Vydáno',
        '',
        'HPP',
        'active',
        '2020-02-09 21:00:00',
        '2022-06-13 03:12:01'
    ), (
        152,
        '60916',
        '60916.jpg',
        NULL,
        'Fierlová',
        NULL,
        NULL,
        'Pavlína',
        NULL,
        '12',
        '9',
        'fierlova@khn.cz',
        '2007-03-01',
        NULL,
        '66c908',
        NULL,
        NULL,
        'Vydáno',
        '',
        'HPP',
        'active',
        '2020-02-09 21:00:00',
        '2022-06-13 03:14:41'
    ), (
        154,
        '61501',
        '61501.jpg',
        NULL,
        'Javorková',
        NULL,
        NULL,
        'Monika',
        NULL,
        '19',
        '22',
        NULL,
        '2007-03-01',
        NULL,
        '999999',
        '',
        '',
        'Vydáno',
        '',
        'HPP',
        'active',
        '2020-02-09 21:00:00',
        NULL
    ), (
        156,
        '63728',
        '63728.jpg',
        NULL,
        'Súkeníková',
        NULL,
        NULL,
        'Marta',
        NULL,
        '13',
        '55',
        NULL,
        '2007-03-15',
        NULL,
        '089cc9',
        '',
        '',
        'Vydáno',
        '',
        'HPP',
        'active',
        '2020-02-09 21:00:00',
        NULL
    ), (
        157,
        '61502',
        '61502.jpg',
        'MUDr.',
        'Janiková',
        NULL,
        NULL,
        'Andrea',
        NULL,
        '9',
        '50',
        'janikova@khn.cz',
        '2007-04-01',
        NULL,
        'd9fa05',
        '423',
        '724474799',
        'Vydáno',
        '',
        'HPP',
        'active',
        '2020-02-09 21:00:00',
        '2022-06-13 05:19:22'
    ), (
        158,
        '64509',
        '64509.jpg',
        NULL,
        'Walková',
        NULL,
        NULL,
        'Jarmila',
        NULL,
        '11',
        '55',
        NULL,
        '2007-04-01',
        '2020-08-31',
        '66c908',
        NULL,
        '725669180',
        'Vydáno',
        '',
        'HPP',
        'active',
        '2020-02-09 21:00:00',
        '2022-09-21 02:24:58'
    ), (
        160,
        '62605',
        '62605.jpg',
        NULL,
        'Nevřivá',
        NULL,
        NULL,
        'Iva',
        NULL,
        '19',
        '22',
        NULL,
        '2007-05-15',
        NULL,
        '999999',
        '',
        '',
        'Vydáno',
        '',
        'HPP',
        'active',
        '2020-02-09 21:00:00',
        '2020-03-11 10:58:00'
    ), (
        161,
        '61814',
        '61814.jpg',
        'MUDr.',
        'Kováčová',
        NULL,
        NULL,
        'Šárka',
        NULL,
        '15',
        '12',
        'kovacova@khn.cz',
        '2007-06-01',
        NULL,
        'c90818',
        '267',
        '724358596',
        'Vydáno',
        '',
        'HPP',
        'active',
        '2020-02-09 21:00:00',
        '2022-06-13 05:10:19'
    ), (
        162,
        '62515',
        '62515.jpg',
        NULL,
        'Mravcová',
        NULL,
        NULL,
        'Anna',
        NULL,
        '17',
        '17',
        NULL,
        '2007-06-01',
        NULL,
        'ffee00',
        '429',
        '724596078',
        'Vydáno',
        '',
        'HPP',
        'active',
        '2020-02-09 21:00:00',
        '2022-07-15 08:34:26'
    ), (
        163,
        '64514',
        '64514.jpg',
        NULL,
        'Wernerová',
        NULL,
        NULL,
        'Darina',
        NULL,
        '23',
        '55',
        NULL,
        '2007-07-01',
        NULL,
        'a31561',
        '',
        '',
        'Vydáno',
        '',
        'HPP',
        'maternal',
        '2020-02-09 21:00:00',
        '2020-03-04 06:18:46'
    ), (
        164,
        '64516',
        '64516.jpg',
        NULL,
        'Wojkowská',
        NULL,
        NULL,
        'Žaneta',
        NULL,
        '18',
        '31',
        NULL,
        '2007-07-01',
        NULL,
        'ffa200',
        '',
        '',
        'Vydáno',
        '',
        'HPP',
        'active',
        '2020-02-09 21:00:00',
        '2020-03-03 11:36:38'
    ), (
        165,
        '63620',
        '63620.jpg',
        NULL,
        'Vitulová',
        NULL,
        NULL,
        'Zuzana',
        NULL,
        '23',
        '55',
        NULL,
        '2007-07-02',
        NULL,
        '7833e8',
        NULL,
        NULL,
        'Vydáno',
        '',
        'HPP',
        'active',
        '2020-02-09 21:00:00',
        '2022-06-10 06:46:23'
    ), (
        166,
        '63421',
        '63421.jpg',
        'Bc.',
        'Múčková',
        NULL,
        NULL,
        'Jana',
        NULL,
        '15',
        'radiologický asistent',
        NULL,
        '2007-08-01',
        NULL,
        'c90818',
        '',
        '',
        'Vydáno',
        '',
        'HPP',
        'active',
        '2020-02-09 21:00:00',
        NULL
    ), (
        167,
        '63223',
        '63223.jpg',
        'MUDr.',
        'Vlachopulu',
        NULL,
        NULL,
        'Barbara',
        NULL,
        '6',
        '12',
        'vlachopulu@khn.cz',
        '2007-08-01',
        NULL,
        '7833e8',
        NULL,
        '725669169',
        'Vydáno',
        '',
        'HPP',
        'active',
        '2020-02-09 21:00:00',
        '2022-09-21 02:23:54'
    ), (
        168,
        '62509',
        '62509.jpg',
        NULL,
        'Holušová',
        NULL,
        'Čermáková',
        'Marcela',
        NULL,
        '23',
        '55',
        'holusova@khn.cz',
        '2007-08-15',
        NULL,
        'a31561',
        NULL,
        NULL,
        'Vydáno',
        '',
        'HPP',
        'active',
        '2020-02-09 21:00:00',
        '2022-07-12 09:16:26'
    ), (
        170,
        '61230',
        '61230.jpg',
        NULL,
        'Hýblová',
        NULL,
        NULL,
        'Kateřina',
        NULL,
        '6',
        '55',
        NULL,
        '2007-09-03',
        NULL,
        '7833e8',
        NULL,
        NULL,
        'Vydáno',
        '',
        'HPP',
        'maternal',
        '2020-02-09 21:00:00',
        '2022-04-12 02:56:38'
    ), (
        171,
        '60225',
        '60225.jpg',
        NULL,
        'Bábanová',
        NULL,
        NULL,
        'Lea',
        NULL,
        '12',
        '9',
        NULL,
        '2007-10-01',
        NULL,
        '66c908',
        NULL,
        NULL,
        'Vydáno',
        NULL,
        'HPP',
        'active',
        '2020-02-09 21:00:00',
        '2022-11-13 12:06:21'
    ), (
        173,
        '63410',
        '63410.jpg',
        NULL,
        'Němcová',
        NULL,
        'Sabinioková',
        'Andrea',
        NULL,
        '12',
        '55',
        NULL,
        '2007-11-01',
        NULL,
        '66c908',
        '',
        '',
        'Vydáno',
        '',
        'HPP',
        'active',
        '2020-02-09 21:00:00',
        '2020-02-17 09:36:14'
    ), (
        175,
        '63523',
        '63523.jpg',
        NULL,
        'Sikorová',
        NULL,
        NULL,
        'Lubica',
        NULL,
        '19',
        '22',
        NULL,
        '2007-12-12',
        NULL,
        '999999',
        '',
        '',
        'Vydáno',
        '',
        'HPP',
        'active',
        '2020-02-09 21:00:00',
        NULL
    ), (
        176,
        '61626',
        '61626.jpg',
        'MUDr.',
        'Klus',
        NULL,
        NULL,
        'Ivo',
        NULL,
        '8',
        '12',
        'klus@khn.cz',
        '2008-01-01',
        NULL,
        'd9fa05',
        '412',
        '725543135',
        'Vydáno',
        '',
        'HPP',
        'active',
        '2020-02-09 21:00:00',
        '2022-06-13 05:11:37'
    ), (
        177,
        '64419',
        '64419.jpg',
        'MUDr.',
        'Veselský',
        NULL,
        NULL,
        'Petr',
        NULL,
        '8',
        '12',
        NULL,
        '2008-01-01',
        NULL,
        'd9fa05',
        '',
        '',
        'Vydáno',
        '',
        'HPP',
        'active',
        '2020-02-09 21:00:00',
        NULL
    ), (
        178,
        '62813',
        '62813.jpg',
        'MUDr. Ing.',
        'Paloušková',
        NULL,
        NULL,
        'Hana',
        NULL,
        '6',
        '61',
        'palouskova@khn.cz',
        '2008-02-01',
        NULL,
        '7833e8',
        '214',
        '734695213',
        'Vydáno',
        '',
        'HPP',
        'active',
        '2020-02-09 21:00:00',
        '2022-10-17 08:54:48'
    ), (
        179,
        '64811',
        '64811.jpg',
        'Bc.',
        'Navrátilová',
        NULL,
        NULL,
        'Petra',
        NULL,
        '9',
        '55',
        NULL,
        '2008-03-06',
        NULL,
        'd9fa05',
        '',
        '',
        'Vydáno',
        '',
        'HPP',
        'active',
        '2020-02-09 21:00:00',
        NULL
    ), (
        180,
        '61503',
        '61503.jpg',
        NULL,
        'Jaklová',
        NULL,
        NULL,
        'Pavlína',
        NULL,
        '18',
        '11',
        NULL,
        '2008-05-02',
        NULL,
        'ffa200',
        '',
        '',
        'Vydáno',
        '',
        'HPP',
        'active',
        '2020-02-09 21:00:00',
        NULL
    ), (
        181,
        '61524',
        '61524.jpg',
        NULL,
        'Jeleń',
        NULL,
        NULL,
        'Zdeněk',
        NULL,
        '17',
        '39',
        'jelen@khn.cz',
        '2008-06-02',
        NULL,
        'ffee00',
        '371',
        '724022598',
        'Vydáno',
        '',
        'HPP',
        'active',
        '2020-02-09 21:00:00',
        '2022-06-13 05:16:54'
    ), (
        182,
        '60523',
        '60523.jpg',
        'Bc.',
        'Žwaková',
        NULL,
        'Benková',
        'Kateřina',
        NULL,
        '9',
        '55',
        NULL,
        '2008-07-01',
        NULL,
        'd9fa05',
        '',
        '',
        'Vydáno',
        '',
        'HPP',
        'active',
        '2020-02-09 21:00:00',
        '2020-08-13 05:51:50'
    ), (
        183,
        '62305',
        '62305.jpg',
        NULL,
        'Máček',
        NULL,
        NULL,
        'Daniel',
        NULL,
        '25',
        'řidič',
        NULL,
        '2008-07-01',
        NULL,
        '999999',
        '',
        '602459753',
        'Vydáno',
        '',
        'HPP',
        'active',
        '2020-02-09 21:00:00',
        '2021-01-22 11:41:26'
    ), (
        184,
        '61109',
        '61109.jpg',
        NULL,
        'Pawerová',
        NULL,
        NULL,
        'Eva',
        NULL,
        '30',
        '55',
        NULL,
        '2008-07-07',
        NULL,
        'a31561',
        NULL,
        '730547122',
        'Vydáno',
        '',
        'HPP',
        'active',
        '2020-02-09 21:00:00',
        '2022-09-21 02:47:13'
    ), (
        185,
        '61118',
        '61118.jpg',
        NULL,
        'Gabzdylová',
        NULL,
        NULL,
        'Zdeňka',
        NULL,
        '16',
        '55',
        NULL,
        '2008-08-01',
        NULL,
        '94f700',
        '',
        '',
        'Vydáno',
        '',
        'HPP',
        'active',
        '2020-02-09 21:00:00',
        '2020-03-04 06:40:57'
    ), (
        186,
        '61030',
        '61030.jpg',
        'MUDr.',
        'Groman',
        NULL,
        NULL,
        'Petr',
        NULL,
        '28',
        '12',
        'groman@khn.cz',
        '2008-08-01',
        NULL,
        'ffa600',
        '416',
        '602317326',
        'Vydáno',
        '',
        'HPP',
        'active',
        '2020-02-09 21:00:00',
        '2022-06-13 03:16:12'
    ), (
        187,
        '61826',
        '61826.jpg',
        'MUDr.',
        'Kozák',
        NULL,
        NULL,
        'Martin',
        NULL,
        '28',
        '12',
        NULL,
        '2008-08-01',
        NULL,
        'ffa600',
        '103',
        '602317341',
        'Vydáno',
        '',
        'HPP',
        'active',
        '2020-02-09 21:00:00',
        NULL
    ), (
        188,
        '61730',
        '61730.jpg',
        'MUDr.',
        'Krempaský',
        NULL,
        NULL,
        'Ondrej',
        NULL,
        '28',
        '12',
        'krempasky@khn.cz',
        '2008-08-01',
        NULL,
        'ffa600',
        '416',
        '602317315',
        'Vydáno',
        '',
        'HPP',
        'active',
        '2020-02-09 21:00:00',
        '2022-06-13 05:08:36'
    ), (
        189,
        '63804',
        '63804.jpg',
        NULL,
        'Kroczek',
        NULL,
        NULL,
        'Gabriela',
        NULL,
        '7',
        'praktická sestra',
        NULL,
        '2008-08-01',
        NULL,
        '222222',
        NULL,
        NULL,
        'Vydáno',
        '',
        'HPP',
        'active',
        '2020-02-09 21:00:00',
        '2022-09-07 06:38:51'
    ), (
        190,
        '62405',
        '62405.jpg',
        NULL,
        'Pavlásková',
        NULL,
        NULL,
        'Pavla',
        NULL,
        '9',
        '55',
        NULL,
        '2008-08-01',
        NULL,
        'd9fa05',
        NULL,
        NULL,
        'Vydáno',
        '',
        'HPP',
        'active',
        '2020-02-09 21:00:00',
        '2021-08-06 06:18:24'
    ), (
        191,
        '62526',
        '62526.jpg',
        'MUDr.',
        'Mráček',
        NULL,
        NULL,
        'Dalibor',
        NULL,
        '28',
        '12',
        'mracek@khn.cz',
        '2008-08-01',
        NULL,
        'ffa600',
        '416',
        '602317319',
        'Vydáno',
        '',
        'HPP',
        'active',
        '2020-02-09 21:00:00',
        '2022-06-13 02:35:01'
    ), (
        192,
        '62828',
        '62828.jpg',
        'Bc.',
        'Zuskinová',
        NULL,
        'Pánková',
        'Kateřina',
        NULL,
        '9',
        '55',
        NULL,
        '2008-08-01',
        NULL,
        'd9fa05',
        '',
        '',
        'Vydáno',
        '',
        'HPP',
        'active',
        '2020-02-09 21:00:00',
        '2020-09-15 07:56:35'
    ), (
        193,
        '62826',
        '62826.jpg',
        'MUDr.',
        'Pavličný',
        NULL,
        NULL,
        'Radek',
        NULL,
        '28',
        '30',
        'pavlicny@khn.cz',
        '2008-08-01',
        NULL,
        'ffa600',
        '413',
        '602317328',
        'Vydáno',
        '',
        'HPP',
        'active',
        '2020-02-09 21:00:00',
        '2022-06-13 02:30:38'
    ), (
        194,
        '62815',
        '62815.jpg',
        'MUDr.',
        'Pešek',
        NULL,
        NULL,
        'Jiří',
        NULL,
        '28',
        '12',
        'pesek@khn.cz',
        '2008-08-01',
        NULL,
        'ffa600',
        NULL,
        '602317302',
        'Vydáno',
        '',
        'HPP',
        'active',
        '2020-02-09 21:00:00',
        '2022-06-13 02:30:12'
    ), (
        195,
        '63813',
        '63813.jpg',
        'Bc.',
        'Široká',
        NULL,
        NULL,
        'Silvie',
        NULL,
        '12',
        'vedoucí fyzioterapeut',
        'siroka@khn.cz',
        '2008-08-01',
        NULL,
        '66c908',
        '282',
        '725382723',
        'Vydáno',
        '',
        'HPP',
        'active',
        '2020-02-09 21:00:00',
        '2022-06-13 02:19:07'
    ), (
        196,
        '64019',
        '64019.jpg',
        NULL,
        'Tomčíková',
        NULL,
        NULL,
        'Bronislava',
        NULL,
        '16',
        '55',
        NULL,
        '2008-08-01',
        NULL,
        '94f700',
        '',
        '',
        'Vydáno',
        '',
        'HPP',
        'active',
        '2020-02-09 21:00:00',
        '2020-03-04 06:14:06'
    ), (
        197,
        '61612',
        '61612.jpg',
        NULL,
        'Kneblová',
        NULL,
        NULL,
        'Šárka',
        'DiS.',
        '22',
        '7',
        NULL,
        '2008-09-01',
        NULL,
        '2c612a',
        '',
        '',
        'Vydáno',
        '',
        'HPP',
        'active',
        '2020-02-09 21:00:00',
        NULL
    ), (
        198,
        '62313',
        '62313.jpg',
        NULL,
        'Sendrei',
        NULL,
        'Mimová',
        'Sylva',
        NULL,
        '9',
        '20',
        NULL,
        '2008-09-01',
        NULL,
        'd9fa05',
        '',
        '',
        'Vydáno',
        '',
        'HPP',
        'active',
        '2020-02-09 21:00:00',
        NULL
    ), (
        199,
        '63229',
        '63229.jpg',
        NULL,
        'Rykalová',
        NULL,
        NULL,
        'Karla',
        NULL,
        '19',
        '22',
        NULL,
        '2008-09-01',
        NULL,
        '999999',
        '',
        '',
        'Vydáno',
        '',
        'HPP',
        'active',
        '2020-02-09 21:00:00',
        NULL
    ), (
        200,
        '63527',
        '63527.jpg',
        'Bc.',
        'Szusciková',
        NULL,
        NULL,
        'Eliška',
        NULL,
        '16',
        '55',
        NULL,
        '2008-09-01',
        NULL,
        '94f700',
        NULL,
        NULL,
        'Vydáno',
        '',
        'HPP',
        'active',
        '2020-02-09 21:00:00',
        '2021-05-31 04:28:40'
    ), (
        201,
        '64816',
        '64816.jpg',
        'MUDr.',
        'Zvárová',
        NULL,
        NULL,
        'Pavlína',
        NULL,
        '11',
        '30',
        'zvarova@khn.cz',
        '2008-09-01',
        NULL,
        '66c908',
        '241',
        '725669174',
        'Vydáno',
        '',
        'HPP',
        'active',
        '2020-02-09 21:00:00',
        '2022-06-13 02:08:28'
    ), (
        202,
        '60324',
        '60324.jpg',
        NULL,
        'Byrtus',
        NULL,
        NULL,
        'Boleslav',
        NULL,
        '15',
        'radiologický asistent',
        NULL,
        '2008-10-01',
        NULL,
        'c90818',
        NULL,
        NULL,
        'Vydáno',
        '',
        'HPP',
        'active',
        '2020-02-09 21:00:00',
        '2021-03-08 07:57:35'
    ), (
        203,
        '61523',
        '61523.jpg',
        'MUDr.',
        'Janková',
        NULL,
        NULL,
        'Pavlína',
        NULL,
        '5',
        '12',
        'jankova@khn.cz',
        '2008-10-01',
        NULL,
        '4287f5',
        '231',
        '725669162',
        'Vydáno',
        '',
        'HPP',
        'active',
        '2020-02-09 21:00:00',
        '2022-06-13 05:18:08'
    ), (
        204,
        '61710',
        '61710.jpg',
        'MUDr.',
        'Kultan',
        NULL,
        NULL,
        'Peter',
        NULL,
        '1',
        '30',
        'kultan@khn.cz',
        '2008-10-01',
        NULL,
        '4287f5',
        '221',
        '725669163',
        'Vydáno',
        '',
        'HPP',
        'active',
        '2020-02-09 21:00:00',
        '2022-07-28 12:24:05'
    ), (
        205,
        '63803',
        '63803.jpg',
        NULL,
        'Stařičná',
        NULL,
        NULL,
        'Denisa',
        NULL,
        '16',
        '55',
        NULL,
        '2008-10-08',
        NULL,
        '94f700',
        '',
        '',
        'Vydáno',
        '',
        'HPP',
        'active',
        '2020-02-09 21:00:00',
        NULL
    ), (
        206,
        '62428',
        '62428.jpg',
        'Mgr.',
        'Mlýnková',
        NULL,
        'Mitrengová',
        'Ruth',
        NULL,
        '6',
        '10',
        'mlynkova@khn.cz',
        '2008-12-01',
        '2019-07-25',
        '7833e8',
        '105',
        '703866582',
        'Vydáno',
        '',
        'HPP',
        'active',
        '2020-02-09 21:00:00',
        '2022-09-21 02:11:26'
    ), (
        207,
        '60110',
        '60110.jpg',
        'MUDr.',
        'Adámková',
        NULL,
        NULL,
        'Renáta',
        NULL,
        '9',
        '12',
        NULL,
        '2009-01-01',
        NULL,
        'd9fa05',
        '423',
        '725848645',
        'Vydáno',
        NULL,
        'HPP',
        'active',
        '2020-02-09 21:00:00',
        '2022-11-13 12:05:19'
    ), (
        208,
        '62230',
        '62230.jpg',
        NULL,
        'Lanči',
        NULL,
        NULL,
        'Petr',
        NULL,
        '23',
        '55',
        NULL,
        '2009-01-02',
        NULL,
        'a31561',
        '',
        '',
        'Vydáno',
        '',
        'HPP',
        'active',
        '2020-02-09 21:00:00',
        NULL
    ), (
        209,
        '64528',
        '64528.jpg',
        NULL,
        'Wiechećová',
        NULL,
        NULL,
        'Martina',
        'DiS.',
        '6',
        '55',
        NULL,
        '2009-01-19',
        NULL,
        '7833e8',
        '',
        '',
        'Vydáno',
        '',
        'HPP',
        'active',
        '2020-02-09 21:00:00',
        '2020-03-27 07:39:19'
    ), (
        210,
        '61824',
        '61824.jpg',
        NULL,
        'Klepek',
        NULL,
        NULL,
        'Tomáš',
        NULL,
        '25',
        'pracovník údržby - instalatér',
        'klepek@khn.cz',
        '2009-02-01',
        NULL,
        '999999',
        NULL,
        NULL,
        'Vydáno',
        '',
        'HPP',
        'active',
        '2020-02-09 21:00:00',
        '2022-06-13 05:12:51'
    ), (
        211,
        '64002',
        '64002.jpg',
        NULL,
        'Takáčová',
        NULL,
        NULL,
        'Vlasta',
        NULL,
        '19',
        '22',
        NULL,
        '2009-02-01',
        NULL,
        '999999',
        '',
        '',
        'Vydáno',
        '',
        'HPP',
        'active',
        '2020-02-09 21:00:00',
        NULL
    ), (
        212,
        '61326',
        '61326.jpg',
        NULL,
        'Hejnová',
        NULL,
        NULL,
        'Alena',
        NULL,
        '8',
        '41',
        'hejnova@khn.cz',
        '2009-04-01',
        NULL,
        'd9fa05',
        '254',
        '604154554',
        'Vydáno',
        '',
        'HPP',
        'active',
        '2020-02-09 21:00:00',
        '2022-06-13 03:17:16'
    ), (
        213,
        '61530',
        '61530.jpg',
        NULL,
        'Janečková',
        NULL,
        NULL,
        'Gabriela',
        NULL,
        '11',
        '41',
        'janeckova@khn.cz',
        '2009-05-01',
        NULL,
        '66c908',
        '240',
        '602584395',
        'Vydáno',
        '',
        'HPP',
        'active',
        '2020-02-09 21:00:00',
        '2022-06-13 05:19:49'
    ), (
        214,
        '60327',
        '60327.jpg',
        'MUDr.',
        'Sukopová',
        NULL,
        NULL,
        'Kateřina',
        NULL,
        '15',
        '12',
        'sukopova@khn.cz',
        '2009-07-01',
        NULL,
        'c90818',
        NULL,
        '733711627',
        'Vydáno',
        '',
        'DPP',
        'active',
        '2020-02-09 21:00:00',
        '2022-09-20 08:53:38'
    ), (
        218,
        '62517',
        '62517.jpg',
        'MUDr.',
        'Michalik',
        NULL,
        NULL,
        'Daniel',
        NULL,
        '9',
        '12',
        NULL,
        '2009-10-01',
        NULL,
        'd9fa05',
        '427',
        '606685251',
        'Vydáno',
        '',
        'HPP',
        'active',
        '2020-02-09 21:00:00',
        '2021-01-22 11:41:56'
    ), (
        220,
        '64114',
        '64114.jpg',
        'Bc.',
        'Tchýrová',
        NULL,
        NULL,
        'Lucie',
        NULL,
        '9',
        '55',
        NULL,
        '2009-10-05',
        NULL,
        'd9fa05',
        '',
        '',
        'Vydáno',
        '',
        'HPP',
        'active',
        '2020-02-09 21:00:00',
        NULL
    ), (
        221,
        '64328',
        '64328.jpg',
        NULL,
        'Valchař',
        NULL,
        NULL,
        'Zuzana',
        NULL,
        '23',
        '55',
        NULL,
        '2009-10-05',
        NULL,
        'a31561',
        NULL,
        NULL,
        'Vydáno',
        '',
        'HPP',
        'active',
        '2020-02-09 21:00:00',
        '2021-10-06 07:16:11'
    ), (
        222,
        '61025',
        '61025.jpg',
        NULL,
        'Przybylová',
        NULL,
        'Gutová',
        'Gabriela',
        NULL,
        '28',
        '55',
        'przybylova@khn.cz',
        '2010-01-01',
        NULL,
        'ffa600',
        '119',
        '731147824',
        'Vydáno',
        '',
        'HPP',
        'active',
        '2020-02-09 21:00:00',
        '2022-06-13 02:27:19'
    ), (
        223,
        '64319',
        '64319.jpg',
        'Mgr.',
        'Vajglová',
        NULL,
        NULL,
        'Pavlína',
        NULL,
        '17',
        '14',
        'vajglova@khn.cz',
        '2010-01-01',
        NULL,
        'ffee00',
        '471',
        '725189423',
        'Vydáno',
        '',
        'HPP',
        'active',
        '2020-02-09 21:00:00',
        '2022-06-13 02:17:05'
    ), (
        224,
        '60730',
        '60730.jpg',
        'Mgr.',
        'Drozdzik',
        NULL,
        NULL,
        'Magdalena',
        NULL,
        '14',
        '65',
        NULL,
        '2010-01-04',
        NULL,
        'a908c9',
        NULL,
        NULL,
        'Vydáno',
        NULL,
        'HPP',
        'active',
        '2020-02-09 21:00:00',
        '2022-11-13 15:10:42'
    ), (
        225,
        '63210',
        '63210.jpg',
        NULL,
        'Smolíková',
        NULL,
        NULL,
        'Vlasta',
        NULL,
        '16',
        '55',
        NULL,
        '2010-02-01',
        NULL,
        '94f700',
        NULL,
        NULL,
        'Vydáno',
        '',
        'HPP',
        'active',
        '2020-02-09 21:00:00',
        '2021-02-15 10:09:30'
    ), (
        226,
        '63521',
        '63521.jpg',
        NULL,
        'Synková',
        NULL,
        NULL,
        'Iveta',
        NULL,
        '18',
        'pomocný pracovník',
        NULL,
        '2010-02-01',
        NULL,
        'ffa200',
        NULL,
        NULL,
        'Vydáno',
        '',
        'HPP',
        'active',
        '2020-02-09 21:00:00',
        '2021-04-16 04:36:53'
    ), (
        227,
        '64830',
        '64830.jpg',
        NULL,
        'Žůrková',
        NULL,
        NULL,
        'Adriana',
        NULL,
        '5',
        '55',
        NULL,
        '2010-02-08',
        NULL,
        '4287f5',
        NULL,
        '739522435',
        'Vydáno',
        NULL,
        'HPP',
        'active',
        '2020-02-09 21:00:00',
        '2022-11-12 20:45:59'
    ), (
        228,
        '61203',
        '61203.jpg',
        'MUDr.',
        'Heroková',
        NULL,
        NULL,
        'Jiřina',
        NULL,
        '27',
        '12',
        NULL,
        '2010-03-01',
        NULL,
        'd9fa05',
        '',
        '',
        'Vydáno',
        '',
        'HPP',
        'active',
        '2020-02-09 21:00:00',
        NULL
    ), (
        229,
        '61327',
        '61327.jpg',
        'Mgr.',
        'Chmielová',
        NULL,
        NULL,
        'Romana',
        NULL,
        '6',
        '55',
        NULL,
        '2010-03-15',
        NULL,
        '7833e8',
        '',
        '',
        'Vydáno',
        '',
        'HPP',
        'active',
        '2020-02-09 21:00:00',
        NULL
    ), (
        230,
        '63504',
        '63504.jpg',
        'PharmDr.',
        'Syrová',
        NULL,
        NULL,
        'Monika',
        NULL,
        '22',
        '62',
        NULL,
        '2010-04-01',
        NULL,
        '2c612a',
        NULL,
        '724370843',
        'Vydáno',
        '',
        'HPP',
        'active',
        '2020-02-09 21:00:00',
        '2022-07-01 04:56:03'
    ), (
        232,
        '60524',
        '60524.jpg',
        'Bc.',
        'Ciliová',
        NULL,
        NULL,
        'Lenka',
        NULL,
        '6',
        '55',
        NULL,
        '2010-07-01',
        NULL,
        '7833e8',
        '',
        '',
        'Vydáno',
        '',
        'HPP',
        'active',
        '2020-02-09 21:00:00',
        '2020-11-09 07:23:40'
    ), (
        233,
        '61719',
        '61719.jpg',
        'Bc.',
        'Rudolová',
        NULL,
        'Kuboszková',
        'Veronika',
        NULL,
        '15',
        'radiologický asistent',
        NULL,
        '2010-07-01',
        NULL,
        'c90818',
        '',
        '',
        'Vydáno',
        '',
        'HPP',
        'maternal',
        '2020-02-09 21:00:00',
        '2020-03-04 06:04:28'
    ), (
        234,
        '62514',
        '62514.jpg',
        'MUDr.',
        'Mucha',
        NULL,
        NULL,
        'Aleš',
        NULL,
        '9',
        '12',
        NULL,
        '2010-07-01',
        NULL,
        'd9fa05',
        '427',
        '737818723',
        'Vydáno',
        '',
        'HPP',
        'active',
        '2020-02-09 21:00:00',
        '2021-01-22 11:39:39'
    ), (
        235,
        '61123',
        '61123.jpg',
        'Bc.',
        'Pavlů',
        NULL,
        NULL,
        'Veronika',
        NULL,
        '15',
        'radiologický asistent',
        NULL,
        '2010-07-01',
        NULL,
        'c90818',
        NULL,
        NULL,
        'Vydáno',
        '',
        'HPP',
        'active',
        '2020-02-09 21:00:00',
        '2021-01-22 11:00:43'
    ), (
        237,
        '64530',
        '64530.jpg',
        NULL,
        'Wojnar',
        NULL,
        NULL,
        'Jan',
        NULL,
        '16',
        '36',
        NULL,
        '2010-07-01',
        NULL,
        '94f700',
        '',
        '',
        'Vydáno',
        '',
        'HPP',
        'active',
        '2020-02-09 21:00:00',
        '2020-03-04 06:19:41'
    ), (
        238,
        '62202',
        '62202.jpg',
        'Mgr.',
        'Malíková',
        NULL,
        NULL,
        'Jana',
        NULL,
        '11',
        '9',
        NULL,
        '2010-07-15',
        NULL,
        '66c908',
        '',
        '',
        'Vydáno',
        '',
        'HPP',
        'maternal',
        '2020-02-09 21:00:00',
        '2020-03-04 05:37:18'
    ), (
        239,
        '62504',
        '62504.jpg',
        NULL,
        'Miturová',
        NULL,
        NULL,
        'Dana',
        NULL,
        '12',
        '9',
        NULL,
        '2010-09-01',
        NULL,
        '66c908',
        '',
        '',
        'Vydáno',
        '',
        'HPP',
        'active',
        '2020-02-09 21:00:00',
        NULL
    ), (
        240,
        '62529',
        '62529.jpg',
        'Mgr.',
        'Mrázová',
        NULL,
        NULL,
        'Andrea',
        NULL,
        '14',
        '61',
        NULL,
        '2010-09-01',
        NULL,
        'a908c9',
        '102',
        NULL,
        'Vydáno',
        NULL,
        'HPP',
        'active',
        '2020-02-09 21:00:00',
        '2022-11-13 15:10:30'
    ), (
        241,
        '63013',
        '63013.jpg',
        NULL,
        'Protopsalti Robenková',
        'Robenková',
        NULL,
        'Zuzana',
        NULL,
        '5',
        '55',
        NULL,
        '2010-09-01',
        NULL,
        '4287f5',
        '',
        '',
        'Vydáno',
        '',
        'HPP',
        'active',
        '2020-02-09 21:00:00',
        '2020-03-04 06:01:38'
    ), (
        242,
        '62821',
        '62821.jpg',
        'Bc.',
        'Krestová',
        NULL,
        NULL,
        'Darina',
        NULL,
        '6',
        '55',
        NULL,
        '2010-10-15',
        NULL,
        '7833e8',
        NULL,
        NULL,
        'Vydáno',
        '',
        'HPP',
        'active',
        '2020-02-09 21:00:00',
        '2021-09-16 02:49:06'
    ), (
        243,
        '64416',
        '64416.jpg',
        NULL,
        'Volanská',
        NULL,
        NULL,
        'Lydie',
        NULL,
        '19',
        'vedoucí úklidu',
        'vedouci.uklidu@khn.cz',
        '2010-10-27',
        NULL,
        '999999',
        '292',
        '724370890',
        'Vydáno',
        '',
        'HPP',
        'active',
        '2020-02-09 21:00:00',
        '2022-06-13 02:12:50'
    ), (
        244,
        '60410',
        '60410.jpg',
        'Bc.',
        'Bělicová',
        NULL,
        NULL,
        'Taťána',
        NULL,
        '17',
        '19',
        'belicova@khn.cz',
        '2010-11-01',
        NULL,
        'ffee00',
        '443',
        '605830848',
        'Vydáno',
        '',
        'HPP',
        'active',
        '2020-02-09 21:00:00',
        '2022-06-13 02:06:54'
    ), (
        245,
        '64529',
        '64529.jpg',
        'Mgr.',
        'Csíková',
        NULL,
        NULL,
        'Jana',
        NULL,
        '23',
        '55',
        NULL,
        '2020-11-13',
        NULL,
        'a31561',
        '',
        '',
        'Vydáno',
        '',
        'HPP',
        'active',
        '2020-02-09 21:00:00',
        '2021-01-21 06:51:20'
    ), (
        246,
        '61402',
        '61402.jpg',
        NULL,
        'Chylová',
        NULL,
        NULL,
        'Halina',
        NULL,
        '9',
        '20',
        NULL,
        '2010-11-01',
        NULL,
        'd9fa05',
        '',
        '',
        'Vydáno',
        '',
        'HPP',
        'active',
        '2020-02-09 21:00:00',
        NULL
    ), (
        247,
        '64109',
        '64109.jpg',
        'MUDr.',
        'Twardzik',
        NULL,
        NULL,
        'Januš',
        NULL,
        '28',
        '12',
        NULL,
        '2011-01-01',
        NULL,
        'ffa600',
        '416',
        '732633696',
        'Vydáno',
        '',
        'HPP',
        'active',
        '2020-02-09 21:00:00',
        NULL
    ), (
        248,
        '64521',
        '64521.jpg',
        NULL,
        'Wratná',
        NULL,
        NULL,
        'Barbara',
        NULL,
        '22',
        '7',
        NULL,
        '2011-01-01',
        NULL,
        '2c612a',
        '',
        '',
        'Vydáno',
        '',
        'HPP',
        'active',
        '2020-02-09 21:00:00',
        NULL
    ), (
        249,
        '60913',
        '60913.jpg',
        NULL,
        'Furendová',
        NULL,
        NULL,
        'Eva',
        NULL,
        '19',
        '22',
        NULL,
        '2011-02-01',
        NULL,
        '999999',
        '',
        '',
        'Vydáno',
        '',
        'HPP',
        'active',
        '2020-02-09 21:00:00',
        NULL
    ), (
        250,
        '63209',
        '63209.jpg',
        'MUDr.',
        'Rybarčíková',
        NULL,
        NULL,
        'Renáta',
        NULL,
        '23',
        '12',
        'rybarcikova@khn.cz',
        '2011-03-21',
        NULL,
        'a31561',
        '221',
        '734643006',
        'Vydáno',
        '',
        'HPP',
        'active',
        '2020-02-09 21:00:00',
        '2022-06-13 02:26:47'
    ), (
        252,
        '62607',
        '62607.jpg',
        'MUDr.',
        'Němeček',
        NULL,
        NULL,
        'Ivo',
        NULL,
        '14',
        '12',
        NULL,
        '2011-04-01',
        NULL,
        'a908c9',
        NULL,
        NULL,
        'Vydáno',
        NULL,
        'HPP',
        'active',
        '2020-02-09 21:00:00',
        '2022-11-13 15:10:36'
    ), (
        253,
        '60415',
        '60415.jpg',
        NULL,
        'Brončková',
        NULL,
        NULL,
        'Hana',
        NULL,
        '15',
        'radiologický asistent',
        NULL,
        '2011-05-01',
        '2017-04-30',
        'c90818',
        '',
        '',
        'Vydáno',
        '',
        'HPP',
        'active',
        '2020-02-09 21:00:00',
        NULL
    ), (
        254,
        '63618',
        '63618.jpg',
        'MUDr.',
        'Sukop',
        NULL,
        NULL,
        'Roman',
        NULL,
        '6',
        '30',
        'sukop@khn.cz',
        '2011-08-01',
        NULL,
        '7833e8',
        '214',
        '723923599',
        'Vydáno',
        '',
        'HPP',
        'active',
        '2020-02-09 21:00:00',
        '2022-06-13 02:23:11'
    ), (
        256,
        '62402',
        '62402.jpg',
        NULL,
        'Machálková',
        NULL,
        NULL,
        'Dagmar',
        NULL,
        '19',
        '22',
        NULL,
        '2011-09-01',
        NULL,
        '999999',
        NULL,
        NULL,
        'Vydáno',
        NULL,
        'HPP',
        'active',
        '2020-02-09 21:00:00',
        '2022-11-13 14:35:19'
    ), (
        257,
        '60113',
        '60113.jpg',
        NULL,
        'Ambrožová',
        NULL,
        NULL,
        'Rozália',
        NULL,
        '19',
        '22',
        NULL,
        '2011-10-26',
        NULL,
        '999999',
        NULL,
        NULL,
        'Vydáno',
        '',
        'HPP',
        'active',
        '2020-02-09 21:00:00',
        '2021-03-05 08:06:04'
    ), (
        258,
        '61623',
        '61623.jpg',
        NULL,
        'Kolarzová',
        NULL,
        NULL,
        'Anna',
        NULL,
        '19',
        '22',
        NULL,
        '2011-11-01',
        NULL,
        '999999',
        '',
        '',
        'Vydáno',
        '',
        'HPP',
        'active',
        '2020-02-09 21:00:00',
        NULL
    ), (
        259,
        '61309',
        '61309.jpg',
        NULL,
        'Hlaváčová',
        NULL,
        NULL,
        'Anna',
        NULL,
        '19',
        '22',
        NULL,
        '2011-11-28',
        NULL,
        '999999',
        NULL,
        NULL,
        'Vydáno',
        NULL,
        'HPP',
        'active',
        '2020-02-09 21:00:00',
        '2022-11-13 15:13:00'
    ), (
        260,
        '63702',
        '63702.jpg',
        NULL,
        'Schwarzová',
        NULL,
        NULL,
        'Bohdana',
        'DiS.',
        '29',
        '7',
        NULL,
        '2012-01-01',
        NULL,
        '2c612a',
        '',
        '',
        'Vydáno',
        '',
        'HPP',
        'active',
        '2020-02-09 21:00:00',
        '2020-02-18 06:36:17'
    ), (
        261,
        '62502',
        '62502.jpg',
        NULL,
        'Mlotková',
        NULL,
        NULL,
        'Pavlína',
        NULL,
        '9',
        '55',
        NULL,
        '2012-01-02',
        NULL,
        'd9fa05',
        '',
        '',
        'Vydáno',
        '',
        'HPP',
        'active',
        '2020-02-09 21:00:00',
        NULL
    ), (
        263,
        '61117',
        '61117.jpg',
        'PharmDr.',
        'Řezníková',
        NULL,
        'Groborzová',
        'Monika',
        NULL,
        '22',
        '45',
        NULL,
        '2012-01-16',
        NULL,
        '2c612a',
        '602',
        '734792882',
        'Vydáno',
        NULL,
        'HPP',
        'active',
        '2020-02-09 21:00:00',
        '2022-11-12 15:14:34'
    ), (
        264,
        '60205',
        '60205.jpg',
        NULL,
        'Babičová',
        NULL,
        NULL,
        'Darina',
        NULL,
        '23',
        '20',
        NULL,
        '2012-02-01',
        NULL,
        'a31561',
        NULL,
        NULL,
        'Vydáno',
        NULL,
        'HPP',
        'active',
        '2020-02-09 21:00:00',
        '2022-11-13 12:06:33'
    ), (
        265,
        '61121',
        '61121.jpg',
        'Mgr.',
        'Gottwaldová',
        NULL,
        NULL,
        'Dita',
        NULL,
        '22',
        '6',
        NULL,
        '2012-02-01',
        NULL,
        '2c612a',
        '',
        '725791521',
        'Vydáno',
        '',
        'HPP',
        'active',
        '2020-02-09 21:00:00',
        '2020-02-27 10:09:30'
    ), (
        266,
        '61728',
        '61728.jpg',
        'Bc.',
        'Kunzová',
        NULL,
        NULL,
        'Karin',
        NULL,
        '7',
        '55',
        'kunzovak@khn.cz',
        '2012-02-01',
        NULL,
        '7833e8',
        NULL,
        '734792879',
        'Vydáno',
        '',
        'HPP',
        'active',
        '2020-02-09 21:00:00',
        '2022-09-20 09:57:27'
    ), (
        267,
        '64805',
        '64805.jpg',
        'MUDr.',
        'Závodský',
        NULL,
        NULL,
        'Igor',
        NULL,
        '28',
        '12',
        'zavodsky@khn.cz',
        '2012-03-13',
        NULL,
        'ffa600',
        '103',
        '734643003',
        'Vydáno',
        '',
        'HPP',
        'active',
        '2020-02-09 21:00:00',
        '2022-06-13 02:09:30'
    ), (
        268,
        '60412',
        '60412.jpg',
        NULL,
        'Bohušová',
        NULL,
        NULL,
        'Drahomíra',
        NULL,
        '19',
        '22',
        NULL,
        '2012-05-01',
        NULL,
        '999999',
        '',
        '',
        'Vydáno',
        '',
        'HPP',
        'active',
        '2020-02-09 21:00:00',
        NULL
    );

INSERT INTO
    `employees` (
        `id`,
        `personal_number`,
        `image`,
        `title_preffix`,
        `last_name`,
        `middle_name`,
        `married_name`,
        `first_name`,
        `title_suffix`,
        `department_id`,
        `job_id`,
        `email`,
        `start_date`,
        `end_date`,
        `comment`,
        `phone`,
        `mobile`,
        `id_card`,
        `coffee`,
        `employment`,
        `status`,
        `created_at`,
        `updated_at`
    )
VALUES (
        270,
        '63316',
        '63316.jpg',
        'Mgr.',
        'Řezník',
        NULL,
        NULL,
        'Roman',
        NULL,
        '22',
        '6',
        NULL,
        '2012-06-01',
        NULL,
        '2c612a',
        '',
        '602792227',
        'Vydáno',
        '',
        'HPP',
        'active',
        '2020-02-09 21:00:00',
        '2020-03-04 04:38:30'
    ), (
        271,
        '63810',
        '63810.jpg',
        NULL,
        'Staníčková',
        NULL,
        NULL,
        'Věra',
        NULL,
        '18',
        '31',
        NULL,
        '2012-06-01',
        NULL,
        'ffa200',
        '',
        '',
        'Vydáno',
        '',
        'HPP',
        'active',
        '2020-02-09 21:00:00',
        '2020-03-03 11:36:31'
    ), (
        272,
        '60706',
        '60706.jpg',
        NULL,
        'Dawidová',
        NULL,
        NULL,
        'Lada',
        NULL,
        '18',
        'skladnice',
        NULL,
        '2012-07-01',
        NULL,
        'ffa200',
        NULL,
        NULL,
        'Vydáno',
        '',
        'HPP',
        'active',
        '2020-02-09 21:00:00',
        '2022-09-06 08:52:06'
    ), (
        273,
        '61919',
        '61919.jpg',
        'Mgr.',
        'Tichá',
        NULL,
        NULL,
        'Veronika',
        NULL,
        '14',
        '65',
        NULL,
        '2012-07-01',
        NULL,
        'a908c9',
        NULL,
        NULL,
        'Vydáno',
        NULL,
        'HPP',
        'active',
        '2020-02-09 21:00:00',
        '2022-11-13 15:09:53'
    ), (
        274,
        '61212',
        '61212.jpg',
        'Ing.',
        'Dadáková',
        NULL,
        NULL,
        'Jana',
        NULL,
        '15',
        'radiologický asistent',
        NULL,
        '2012-08-01',
        NULL,
        'c90818',
        '',
        '',
        'Vydáno',
        '',
        'HPP',
        'active',
        '2020-02-09 21:00:00',
        '2020-07-28 09:40:17'
    ), (
        275,
        '60111',
        '60111.jpg',
        'MUDr.',
        'Argalášová',
        NULL,
        NULL,
        'Gabriela',
        NULL,
        '9',
        '12',
        NULL,
        '2012-09-01',
        NULL,
        'd9fa05',
        '423',
        '730188192',
        'Vydáno',
        NULL,
        'HPP',
        'active',
        '2020-02-09 21:00:00',
        '2022-11-13 12:06:12'
    ), (
        276,
        '61717',
        '61717.jpg',
        NULL,
        'Kozáková',
        NULL,
        NULL,
        'Dagmar',
        NULL,
        '19',
        '22',
        NULL,
        '2012-09-01',
        NULL,
        '999999',
        '',
        '',
        'Vydáno',
        '',
        'HPP',
        'active',
        '2020-02-09 21:00:00',
        NULL
    ), (
        278,
        '62403',
        '62403.jpg',
        NULL,
        'Matysová',
        NULL,
        NULL,
        'Jana',
        NULL,
        '23',
        '20',
        NULL,
        '2012-09-01',
        NULL,
        'a31561',
        '',
        '',
        'Vydáno',
        '',
        'HPP',
        'active',
        '2020-02-09 21:00:00',
        NULL
    ), (
        279,
        '64203',
        '64203.jpg',
        NULL,
        'Urbančíková',
        NULL,
        NULL,
        'Jana',
        NULL,
        '9',
        '55',
        NULL,
        '2012-09-01',
        NULL,
        'd9fa05',
        '',
        '',
        'Vydáno',
        '',
        'HPP',
        'active',
        '2020-02-09 21:00:00',
        NULL
    ), (
        280,
        '64506',
        '64506.jpg',
        'Bc.',
        'Mišíková',
        NULL,
        'Wzatková',
        'Lenka',
        NULL,
        '23',
        '55',
        NULL,
        '2012-09-01',
        NULL,
        'a31561',
        NULL,
        NULL,
        'Vydáno',
        '',
        'DPP',
        'active',
        '2020-02-09 21:00:00',
        '2022-06-08 05:19:21'
    ), (
        282,
        '60105',
        '60105.jpg',
        NULL,
        'Adámková',
        NULL,
        NULL,
        'Gabriela',
        NULL,
        '16',
        '55',
        NULL,
        '2013-02-01',
        NULL,
        NULL,
        NULL,
        NULL,
        'Vydáno',
        NULL,
        'HPP',
        'active',
        '2020-02-09 21:00:00',
        '2022-11-13 22:30:10'
    ), (
        286,
        '62413',
        '62413.jpg',
        'MUDr.',
        'Materna',
        NULL,
        NULL,
        'Petr',
        NULL,
        '1',
        '12',
        'materna@khn.cz',
        '2013-07-01',
        NULL,
        '4287f5',
        '226',
        '739522569',
        'Vydáno',
        '',
        'HPP',
        'active',
        '2020-02-09 21:00:00',
        '2022-06-13 02:37:34'
    ), (
        287,
        '62520',
        '62520.jpg',
        NULL,
        'Motyková',
        NULL,
        NULL,
        'Lubomíra',
        NULL,
        '19',
        '22',
        NULL,
        '2013-07-01',
        '2017-06-30',
        '999999',
        '',
        '',
        'Vydáno',
        '',
        'HPP',
        'active',
        '2020-02-09 21:00:00',
        '2020-02-27 09:42:44'
    ), (
        288,
        '64524',
        '64524.jpg',
        NULL,
        'Weberová',
        NULL,
        NULL,
        'Iveta',
        NULL,
        '24',
        'pracovnice podatelny',
        'podatelna@khn.cz',
        '2013-07-01',
        NULL,
        '999999',
        '195',
        NULL,
        'Vydáno',
        '',
        'HPP',
        'active',
        '2020-02-09 21:00:00',
        '2022-06-13 02:11:13'
    ), (
        289,
        '62608',
        '62608.jpg',
        'Mgr.',
        'Polášková',
        NULL,
        NULL,
        'Markéta',
        NULL,
        '12',
        '9',
        NULL,
        '2013-08-01',
        NULL,
        '66c908',
        NULL,
        NULL,
        'Vydáno',
        '',
        'HPP',
        'active',
        '2020-02-09 21:00:00',
        '2022-07-07 05:42:00'
    ), (
        290,
        '61715',
        '61715.jpg',
        'Ing.',
        'Krucinová',
        NULL,
        NULL,
        'Barbora',
        NULL,
        '15',
        'radiologický asistent',
        NULL,
        '2013-08-28',
        NULL,
        'c90818',
        '',
        '',
        'Vydáno',
        '',
        'HPP',
        'active',
        '2020-02-09 21:00:00',
        '2020-07-28 09:39:46'
    ), (
        292,
        '60602',
        '60602.jpg',
        NULL,
        'Čapčíková',
        NULL,
        NULL,
        'Petra',
        NULL,
        '17',
        '8',
        'capcikova@khn.cz',
        '2013-10-01',
        NULL,
        'ffee00',
        '434',
        NULL,
        'Vydáno',
        '',
        'HPP',
        'active',
        '2020-02-09 21:00:00',
        '2022-06-13 03:11:19'
    ), (
        294,
        '61609',
        '61609.jpg',
        'MUDr.',
        'Kempná',
        NULL,
        NULL,
        'Jana',
        NULL,
        '13',
        '12',
        NULL,
        '2013-12-01',
        NULL,
        '089cc9',
        '503',
        '734690509',
        'Vydáno',
        '',
        'HPP',
        'active',
        '2020-02-09 21:00:00',
        NULL
    ), (
        295,
        '64415',
        '64415.jpg',
        'Ing.',
        'Vojtěchovský',
        NULL,
        NULL,
        'Tomáš',
        NULL,
        '25',
        'pracovník údržby - elektrikář',
        'vojtechovsky@khn.cz',
        '2013-12-02',
        NULL,
        '999999',
        NULL,
        NULL,
        'Vydáno',
        '',
        'HPP',
        'active',
        '2020-02-09 21:00:00',
        '2022-06-13 02:13:11'
    ), (
        296,
        '61802',
        '61802.jpg',
        NULL,
        'Krečmerová',
        NULL,
        NULL,
        'Jolana',
        NULL,
        '19',
        '22',
        NULL,
        '2013-12-11',
        NULL,
        '999999',
        '',
        '',
        'Vydáno',
        '',
        'HPP',
        'active',
        '2020-02-09 21:00:00',
        NULL
    ), (
        297,
        '63230',
        '63230.jpg',
        NULL,
        'Wenglorzová',
        NULL,
        NULL,
        'Veronika',
        'DiS.',
        '9',
        '55',
        NULL,
        '2014-01-03',
        NULL,
        'd9fa05',
        '',
        '',
        'Vydáno',
        '',
        'HPP',
        'active',
        '2020-02-09 21:00:00',
        NULL
    ), (
        299,
        '61325',
        '61325.jpg',
        NULL,
        'Holubová',
        NULL,
        'Hudečková',
        'Lucie',
        'DiS.',
        '9',
        '55',
        NULL,
        '2014-03-03',
        NULL,
        'd9fa05',
        '',
        '',
        'Vydáno',
        '',
        'HPP',
        'active',
        '2020-02-09 21:00:00',
        '2020-07-02 06:56:31'
    ), (
        300,
        '62314',
        '62314.jpg',
        NULL,
        'Michalcová',
        NULL,
        NULL,
        'Petra',
        'DiS.',
        '10',
        '55',
        NULL,
        '2014-04-01',
        NULL,
        'd9fa05',
        NULL,
        NULL,
        'Vydáno',
        '',
        'HPP',
        'active',
        '2020-02-09 21:00:00',
        '2021-03-01 06:04:09'
    ), (
        301,
        '62404',
        '62404.jpg',
        NULL,
        'Mazurková',
        NULL,
        NULL,
        'Karla',
        NULL,
        '19',
        '22',
        NULL,
        '2014-05-01',
        NULL,
        '999999',
        '',
        '',
        'Vydáno',
        '',
        'HPP',
        'active',
        '2020-02-09 21:00:00',
        NULL
    ), (
        303,
        '60214',
        '60214.jpg',
        'MUDr.',
        'Beran',
        NULL,
        NULL,
        'Daniel',
        NULL,
        '1',
        '12',
        'beran@khn.cz',
        '2014-06-01',
        NULL,
        '4287f5',
        '226',
        '607054676',
        'Vydáno',
        '',
        'HPP',
        'active',
        '2020-02-09 21:00:00',
        '2022-06-13 02:07:36'
    ), (
        304,
        '64417',
        '64417.jpg',
        'MUDr.',
        'Vrtal',
        NULL,
        NULL,
        'Jiří',
        NULL,
        '1',
        '12',
        'vrtal@khn.cz',
        '2014-06-01',
        NULL,
        '4287f5',
        '226',
        '739522620',
        'Vydáno',
        '',
        'HPP',
        'active',
        '2020-02-09 21:00:00',
        '2022-06-13 02:12:08'
    ), (
        305,
        '64527',
        '64527.jpg',
        'Mgr.',
        'Witoszová',
        NULL,
        NULL,
        'Renáta',
        NULL,
        '12',
        '9',
        NULL,
        '2014-06-01',
        NULL,
        '66c908',
        '',
        '',
        'Vydáno',
        '',
        'HPP',
        'active',
        '2020-02-09 21:00:00',
        '2020-02-17 08:21:38'
    ), (
        306,
        '60506',
        '60506.jpg',
        'MUDr.',
        'Canibal',
        NULL,
        NULL,
        'Tomáš',
        NULL,
        '17',
        'ředitel, předseda představenstva',
        'canibal@khn.cz',
        '2014-07-01',
        NULL,
        'ffee00',
        '441',
        '606789969',
        'Vydáno',
        '',
        'HPP',
        'active',
        '2020-02-09 21:00:00',
        '2022-06-13 03:00:00'
    ), (
        307,
        '61505',
        '61505.jpg',
        'Ing. Mgr.',
        'Janko',
        NULL,
        NULL,
        'Přemysl',
        NULL,
        '17',
        'vedoucí CPM',
        'janko@khn.cz',
        '2014-07-01',
        NULL,
        'ffee00',
        '555',
        '724228989',
        'Vydáno',
        '',
        'ČSO',
        'active',
        '2020-02-09 21:00:00',
        '2022-06-13 05:18:24'
    ), (
        308,
        '60903',
        '60903.jpg',
        NULL,
        'Ferfecká',
        NULL,
        NULL,
        'Anna',
        NULL,
        '19',
        '22',
        NULL,
        '2014-07-25',
        NULL,
        '999999',
        '',
        '',
        'Vydáno',
        '',
        'DPČ',
        'active',
        '2020-02-09 21:00:00',
        NULL
    ), (
        309,
        '64809',
        '64809.jpg',
        'MUDr.',
        'Kocurová',
        NULL,
        NULL,
        'Kamila',
        NULL,
        '6',
        '12',
        NULL,
        '2014-08-01',
        NULL,
        '7833e8',
        '202',
        '737609109',
        'Vydáno',
        NULL,
        'HPP',
        'maternal',
        '2020-02-09 21:00:00',
        '2022-11-12 21:42:35'
    ), (
        310,
        '60908',
        '60908.jpg',
        'Bc.',
        'Gedleková',
        NULL,
        NULL,
        'Alexandra',
        NULL,
        '28',
        '55',
        NULL,
        '2014-09-01',
        NULL,
        'ffa600',
        '',
        '',
        'Vydáno',
        '',
        'HPP',
        'active',
        '2020-02-09 21:00:00',
        NULL
    ), (
        311,
        '61329',
        '61329.jpg',
        NULL,
        'Lasotová',
        NULL,
        'Chybidziurová',
        'Romana',
        'DiS.',
        '14',
        '65',
        NULL,
        '2014-09-01',
        NULL,
        'a908c9',
        NULL,
        NULL,
        'Vydáno',
        NULL,
        'HPP',
        'active',
        '2020-02-09 21:00:00',
        '2022-11-13 15:11:31'
    ), (
        312,
        '62418',
        '62418.jpg',
        NULL,
        'Miczková',
        NULL,
        NULL,
        'Denisa',
        NULL,
        '8',
        '20',
        NULL,
        '2014-09-01',
        NULL,
        'd9fa05',
        NULL,
        NULL,
        'Vydáno',
        '',
        'HPP',
        'active',
        '2020-02-09 21:00:00',
        '2022-05-12 05:39:33'
    ), (
        314,
        '60912',
        '60912.jpg',
        'MUDr.',
        'Franek',
        NULL,
        NULL,
        'Jerzy',
        NULL,
        '15',
        '12',
        NULL,
        '2014-11-01',
        NULL,
        'c90818',
        '',
        '',
        'Vydáno',
        '',
        'DPČ',
        'active',
        '2020-02-09 21:00:00',
        NULL
    ), (
        315,
        '61603',
        '61603.jpg',
        'MUDr.',
        'Šimáková',
        NULL,
        'Kalusková',
        'Ivana',
        NULL,
        '15',
        '12',
        NULL,
        '2014-11-01',
        NULL,
        'c90818',
        '',
        '',
        'Vydáno',
        '',
        'DPČ',
        'maternal',
        '2020-02-09 21:00:00',
        '2020-03-04 06:24:58'
    ), (
        316,
        '63825',
        '63825.jpg',
        'MUDr.',
        'Švecová',
        NULL,
        NULL,
        'Jana',
        NULL,
        '15',
        '12',
        NULL,
        '2014-11-01',
        NULL,
        'c90818',
        '',
        '',
        'Vydáno',
        '',
        'DPČ',
        'active',
        '2020-02-09 21:00:00',
        NULL
    ), (
        317,
        '60616',
        '60616.jpg',
        NULL,
        'Čermáková',
        NULL,
        NULL,
        'Ivana',
        NULL,
        '19',
        '22',
        NULL,
        '2014-12-01',
        '2016-11-30',
        '999999',
        '',
        '',
        'Vydáno',
        '',
        'HPP',
        'active',
        '2020-02-09 21:00:00',
        NULL
    ), (
        318,
        '60902',
        '60902.jpg',
        'Bc.',
        'Feberová',
        NULL,
        NULL,
        'Monika',
        NULL,
        '9',
        '55',
        NULL,
        '2014-12-01',
        NULL,
        'd9fa05',
        '',
        '',
        'Vydáno',
        '',
        'HPP',
        'active',
        '2020-02-09 21:00:00',
        NULL
    ), (
        319,
        '64602',
        '64602.jpg',
        'Bc.',
        'Jakubcová',
        NULL,
        NULL,
        'Lucie',
        NULL,
        '6',
        '55',
        NULL,
        '2014-12-01',
        NULL,
        '7833e8',
        NULL,
        NULL,
        'Vydáno',
        '',
        'HPP',
        'active',
        '2020-02-09 21:00:00',
        '2022-05-05 06:30:41'
    ), (
        320,
        '60502',
        '60502.jpg',
        NULL,
        'Canibal',
        NULL,
        NULL,
        'Milan',
        NULL,
        '17',
        'předseda dozorčí rady',
        'mcanibal@khn.cz',
        '2015-01-01',
        NULL,
        'ffee00',
        NULL,
        NULL,
        'Vydáno',
        '',
        'HPP',
        'active',
        '2020-02-09 21:00:00',
        '2022-06-20 09:45:51'
    ), (
        321,
        '11136',
        '11136.jpg',
        'Ing.',
        'Machala',
        NULL,
        NULL,
        'Stanislav',
        NULL,
        '15',
        '2',
        NULL,
        '2015-01-01',
        NULL,
        'c90818',
        NULL,
        NULL,
        'Vydáno',
        NULL,
        'DPP',
        'active',
        '2020-02-09 21:00:00',
        '2022-11-13 09:09:48'
    ), (
        323,
        '62822',
        '62822.jpg',
        NULL,
        'Pawlusová',
        NULL,
        NULL,
        'Gabriela',
        NULL,
        '6',
        'praktická sestra',
        NULL,
        '2015-01-07',
        '2016-12-31',
        '7833e8',
        '',
        '',
        'Vydáno',
        '',
        'HPP',
        'active',
        '2020-02-09 21:00:00',
        NULL
    ), (
        324,
        '62601',
        '62601.jpg',
        'Mgr.',
        'Mrózek',
        NULL,
        NULL,
        'Agnieszka',
        NULL,
        '28',
        '55',
        NULL,
        '2015-01-15',
        NULL,
        'ffa600',
        NULL,
        NULL,
        'Vydáno',
        '',
        'HPP',
        'active',
        '2020-02-09 21:00:00',
        '2022-06-10 06:10:18'
    ), (
        325,
        '62814',
        '62814.jpg',
        NULL,
        'Pauerová',
        NULL,
        NULL,
        'Lenka',
        'DiS.',
        '23',
        '55',
        'pauerova@khn.cz',
        '2015-02-02',
        NULL,
        'a31561',
        NULL,
        NULL,
        'Vydáno',
        '',
        'HPP',
        'active',
        '2020-02-09 21:00:00',
        '2022-06-13 02:31:30'
    ), (
        326,
        '63827',
        '63827.jpg',
        NULL,
        'Šafránková',
        NULL,
        NULL,
        'Hana',
        NULL,
        '18',
        'pracovník rozvozu',
        NULL,
        '2015-02-02',
        '2018-07-31',
        'ffa200',
        '',
        '',
        'Vydáno',
        '',
        'HPP',
        'active',
        '2020-02-09 21:00:00',
        '2020-03-04 06:23:16'
    ), (
        327,
        '60922',
        '60922.jpg',
        'MUDr.',
        'Frydová',
        NULL,
        NULL,
        'Kateřina',
        NULL,
        '15',
        '12',
        NULL,
        '2015-03-01',
        NULL,
        'c90818',
        NULL,
        '730547122',
        'Vydáno',
        '',
        'HPP',
        'maternal',
        '2020-02-09 21:00:00',
        '2022-09-21 02:36:59'
    ), (
        331,
        '62505',
        '62505.jpg',
        'MUDr.',
        'Mokroszová',
        NULL,
        NULL,
        'Jana',
        NULL,
        '6',
        '12',
        NULL,
        '2015-03-21',
        NULL,
        '7833e8',
        '',
        '',
        'Vydáno',
        '',
        'DPP',
        'active',
        '2020-02-09 21:00:00',
        NULL
    ), (
        333,
        '61718',
        '61718.jpg',
        'MUDr.',
        'Kopecká',
        NULL,
        NULL,
        'Sylva',
        NULL,
        '5',
        '12',
        NULL,
        '2015-04-01',
        NULL,
        '4287f5',
        '',
        '',
        'Vydáno',
        '',
        'HPP',
        'active',
        '2020-02-09 21:00:00',
        '2020-02-14 09:57:04'
    ), (
        334,
        '61412',
        'no_image.png',
        'MUDr.',
        'Johannová',
        NULL,
        NULL,
        'Irena',
        NULL,
        '6',
        '12',
        NULL,
        '2015-04-18',
        NULL,
        '7833e8',
        NULL,
        NULL,
        'Vydáno',
        NULL,
        'DPP',
        'active',
        '2020-02-09 21:00:00',
        '2022-11-12 15:26:55'
    ), (
        336,
        '63806',
        '63806.jpg',
        'Bc.',
        'Slaná',
        NULL,
        NULL,
        'Michaela',
        NULL,
        '23',
        '55',
        NULL,
        '2015-07-01',
        NULL,
        'a31561',
        NULL,
        NULL,
        'Vydáno',
        NULL,
        'HPP',
        'active',
        '2020-02-09 21:00:00',
        '2022-11-12 21:33:04'
    ), (
        338,
        '61928',
        '61928.jpg',
        'Mgr.',
        'Szkanderová',
        NULL,
        'Lepíková',
        'Pavla',
        NULL,
        '22',
        '6',
        NULL,
        '2015-08-05',
        NULL,
        '2c612a',
        NULL,
        '739545625',
        'Vydáno',
        '',
        'HPP',
        'maternal',
        '2020-02-09 21:00:00',
        '2021-05-13 05:21:40'
    ), (
        339,
        '60708',
        '60708.jpg',
        'MUDr.',
        'Pinkasová',
        NULL,
        'Diatková',
        'Jana',
        NULL,
        '9',
        '12',
        'diatkova@khn.cz',
        '2015-08-10',
        NULL,
        'd9fa05',
        '423',
        '608435606',
        'Vydáno',
        '',
        'HPP',
        'active',
        '2020-02-09 21:00:00',
        '2022-06-13 02:28:43'
    ), (
        340,
        '60304',
        'no_image.png',
        NULL,
        'Berešíková',
        NULL,
        NULL,
        'Marcela',
        'DiS.',
        '11',
        '4',
        NULL,
        '2015-09-01',
        '2016-08-31',
        '66c908',
        NULL,
        NULL,
        'Vydáno',
        NULL,
        'HPP',
        'maternal',
        '2020-02-09 21:00:00',
        '2022-11-12 21:32:28'
    ), (
        341,
        '61511',
        '61511.jpg',
        'MUDr.',
        'Dadoková',
        NULL,
        'Jelínková',
        'Monika',
        NULL,
        '6',
        '12',
        NULL,
        '2015-09-01',
        NULL,
        '7833e8',
        '',
        '',
        'Vydáno',
        '',
        'HPP',
        'active',
        '2020-02-09 21:00:00',
        NULL
    ), (
        342,
        '60516',
        '60516.jpg',
        NULL,
        'Cieślová',
        NULL,
        NULL,
        'Jana',
        NULL,
        '29',
        '36',
        NULL,
        '2015-10-01',
        '2016-09-30',
        '2c612a',
        '',
        '',
        'Vydáno',
        '',
        'HPP',
        'active',
        '2020-02-09 21:00:00',
        '2020-03-04 04:54:10'
    ), (
        343,
        '63829',
        '63829.jpg',
        'MUDr.',
        'Škutová',
        NULL,
        NULL,
        'Monika',
        NULL,
        '6',
        '12',
        'skutova@khn.cz',
        '2015-10-26',
        NULL,
        '7833e8',
        NULL,
        NULL,
        'Vydáno',
        '',
        'DPP',
        'active',
        '2020-02-09 21:00:00',
        '2022-06-13 02:18:47'
    ), (
        345,
        '62419',
        '62419.jpg',
        'Bc.',
        'Miczková',
        NULL,
        NULL,
        'Veronika',
        NULL,
        '8',
        '55',
        NULL,
        '2015-11-02',
        '2016-10-31',
        'd9fa05',
        '',
        '',
        'Vydáno',
        '',
        'HPP',
        'active',
        '2020-02-09 21:00:00',
        NULL
    ), (
        346,
        '60330',
        '60330.jpg',
        'Mgr.',
        'Boszczyková',
        NULL,
        NULL,
        'Silvie',
        NULL,
        '29',
        '6',
        NULL,
        '2016-01-01',
        NULL,
        '2c612a',
        '',
        '730188193',
        'Vydáno',
        '',
        'HPP',
        'active',
        '2020-02-09 21:00:00',
        '2021-01-22 11:43:32'
    ), (
        348,
        '60909',
        '60909.jpg',
        NULL,
        'Havlová',
        NULL,
        NULL,
        'Soňa',
        NULL,
        '12',
        '9',
        NULL,
        '2016-02-01',
        '2017-01-31',
        '66c908',
        '',
        '',
        'Vydáno',
        '',
        'HPP',
        'active',
        '2020-02-09 21:00:00',
        '2020-02-17 08:15:31'
    ), (
        349,
        '61902',
        '61902.jpg',
        NULL,
        'Kramná',
        NULL,
        NULL,
        'Romana',
        NULL,
        '19',
        '22',
        NULL,
        '2016-03-01',
        '2017-02-28',
        '999999',
        '',
        '',
        'Vydáno',
        '',
        'HPP',
        'active',
        '2020-02-09 21:00:00',
        NULL
    ), (
        350,
        '62527',
        '62527.jpg',
        'Bc.',
        'Hrivňáková',
        NULL,
        'Mucinová',
        'Veronika',
        NULL,
        '17',
        'správce zdravotnických prostředků, metrolog',
        'mucinova@khn.cz',
        '2016-03-01',
        NULL,
        'ffee00',
        NULL,
        '730188195',
        'Vydáno',
        '',
        'HPP',
        'active',
        '2020-02-09 21:00:00',
        '2022-09-20 09:45:02'
    ), (
        351,
        '64210',
        '64210.jpg',
        'Ing.',
        'Uvírová',
        NULL,
        NULL,
        'Martina',
        NULL,
        '17',
        'vedoucí personálního a mzdového oddělení',
        'uvirova@khn.cz',
        '2016-03-14',
        '2017-02-28',
        'ffee00',
        '444',
        '604447645',
        'Vydáno',
        '',
        'HPP',
        'active',
        '2020-02-09 21:00:00',
        '2022-06-13 02:17:30'
    ), (
        352,
        '61625',
        '61625.jpg',
        NULL,
        'Klika',
        NULL,
        NULL,
        'Miroslav',
        NULL,
        '17',
        '57',
        NULL,
        '2016-04-01',
        NULL,
        'Laravel',
        NULL,
        '739545626',
        'Vydáno',
        'A',
        'HPP',
        'active',
        '2020-02-09 21:00:00',
        '2022-11-13 12:04:30'
    ), (
        353,
        '61708',
        '61708.jpg',
        NULL,
        'Kmeťová',
        NULL,
        NULL,
        'Ema',
        NULL,
        '28',
        '20',
        NULL,
        '2016-04-01',
        NULL,
        'ffa600',
        '',
        '',
        'Vydáno',
        '',
        'HPP',
        'active',
        '2020-02-09 21:00:00',
        NULL
    ), (
        354,
        '64006',
        '64006.jpg',
        NULL,
        'Tabarová',
        NULL,
        NULL,
        'Renáta',
        NULL,
        '19',
        '22',
        NULL,
        '2016-04-01',
        '2019-03-31',
        '999999',
        '',
        '',
        'Vydáno',
        '',
        'HPP',
        'active',
        '2020-02-09 21:00:00',
        NULL
    ), (
        355,
        '64823',
        '64823.jpg',
        NULL,
        'Zbožínková',
        NULL,
        NULL,
        'Kateřina',
        NULL,
        '12',
        '55',
        NULL,
        '2016-05-01',
        NULL,
        '66c908',
        '',
        '',
        'Vydáno',
        '',
        'HPP',
        'active',
        '2020-02-09 21:00:00',
        '2020-10-27 08:07:33'
    ), (
        356,
        '64018',
        '64018.jpg',
        NULL,
        'Tomčániová',
        NULL,
        NULL,
        'Karin',
        NULL,
        '3',
        '20',
        NULL,
        '2016-05-16',
        NULL,
        '4287f5',
        NULL,
        NULL,
        'Vydáno',
        '',
        'HPP',
        'active',
        '2020-02-09 21:00:00',
        '2022-10-17 06:32:26'
    ), (
        357,
        '61314',
        '61314.jpg',
        NULL,
        'Hracký',
        NULL,
        NULL,
        'Jaroslav',
        NULL,
        '25',
        'vedoucí údržby',
        'hracky@khn.cz',
        '2016-06-01',
        NULL,
        '999999',
        '403',
        '734681961',
        'Vydáno',
        '',
        'HPP',
        'active',
        '2020-02-09 21:00:00',
        '2022-09-23 09:16:29'
    ), (
        358,
        '60325',
        '60325.jpg',
        'Ing.',
        'Byrtusová',
        NULL,
        NULL,
        'Silvie',
        NULL,
        '17',
        'vedoucí finanční účtárny',
        'byrtusova@khn.cz',
        '2016-06-01',
        NULL,
        'ffee00',
        '426',
        '724228815',
        'Vydáno',
        '',
        'HPP',
        'active',
        '2020-02-09 21:00:00',
        '2022-06-13 02:54:30'
    ), (
        359,
        '64427',
        '64427.jpg',
        NULL,
        'Waloszková',
        NULL,
        NULL,
        'Jana',
        NULL,
        '11',
        '36',
        NULL,
        '2016-06-01',
        NULL,
        '66c908',
        '',
        '',
        'Vydáno',
        '',
        'HPP',
        'active',
        '2020-02-09 21:00:00',
        '2020-02-20 03:16:10'
    ), (
        360,
        '63910',
        '63910.jpg',
        NULL,
        'Šurková',
        NULL,
        NULL,
        'Denisa',
        NULL,
        '19',
        '22',
        NULL,
        '2016-06-13',
        NULL,
        '999999',
        '',
        '',
        'Vydáno',
        '',
        'DPČ',
        'active',
        '2020-02-09 21:00:00',
        NULL
    ), (
        361,
        '61616',
        '61616.jpg',
        NULL,
        'Kaniová',
        NULL,
        NULL,
        'Tereza',
        NULL,
        '1',
        'praktická sestra',
        NULL,
        '2016-06-15',
        NULL,
        'ffa600',
        NULL,
        NULL,
        'Vydáno',
        '',
        'HPP',
        'active',
        '2020-02-09 21:00:00',
        '2022-06-02 02:37:07'
    ), (
        362,
        '63218',
        '63218.jpg',
        NULL,
        'Raszyková',
        NULL,
        NULL,
        'Halina',
        NULL,
        '5',
        '55',
        NULL,
        '2016-06-16',
        NULL,
        '4287f5',
        '',
        '',
        'Vydáno',
        '',
        'HPP',
        'active',
        '2020-02-09 21:00:00',
        '2020-02-17 09:27:52'
    ), (
        363,
        '62913',
        '62913.jpg',
        'Bc.',
        'Pospíšilová',
        NULL,
        NULL,
        'Kateřina',
        NULL,
        '15',
        'radiologický asistent',
        NULL,
        '2016-07-01',
        NULL,
        'c90818',
        NULL,
        NULL,
        'Vydáno',
        '',
        'HPP',
        'maternal',
        '2020-02-09 21:00:00',
        '2022-04-06 02:34:34'
    ), (
        364,
        '62925',
        '62925.jpg',
        NULL,
        'Puchalová',
        NULL,
        NULL,
        'Uršula',
        NULL,
        '8',
        '55',
        NULL,
        '2016-07-01',
        NULL,
        'ffa600',
        NULL,
        NULL,
        'Vydáno',
        '',
        'HPP',
        'active',
        '2020-02-09 21:00:00',
        '2021-05-03 08:20:24'
    ), (
        365,
        '61323',
        '61323.jpg',
        NULL,
        'Hudčeková',
        NULL,
        NULL,
        'Monika',
        NULL,
        '17',
        'pracovnice spisovny/archivu',
        'hudcekova@khn.cz',
        '2016-07-11',
        NULL,
        'ffee00',
        NULL,
        '703866581',
        'Vydáno',
        '',
        'HPP',
        'active',
        '2020-02-09 21:00:00',
        '2022-06-13 05:01:39'
    ), (
        366,
        '63901',
        '63901.jpg',
        NULL,
        'Šerá',
        NULL,
        NULL,
        'Natálie',
        NULL,
        '28',
        'praktická sestra',
        NULL,
        '2016-08-17',
        NULL,
        'ffa600',
        '',
        '',
        'Vydáno',
        '',
        'HPP',
        'active',
        '2020-02-09 21:00:00',
        NULL
    ), (
        369,
        '62001',
        '62001.jpg',
        'Mgr.',
        'Ligocká',
        NULL,
        NULL,
        'Zuzana',
        NULL,
        '14',
        '65',
        NULL,
        '2016-09-01',
        NULL,
        'a908c9',
        NULL,
        NULL,
        'Vydáno',
        NULL,
        'HPP',
        'active',
        '2020-02-09 21:00:00',
        '2022-11-13 15:11:13'
    ), (
        370,
        '60312',
        '60312.jpg',
        NULL,
        'Bilanová',
        NULL,
        NULL,
        'Alena',
        NULL,
        '23',
        '41',
        'bilanova@khn.cz',
        '2016-10-01',
        NULL,
        'a31561',
        '121',
        '734160802',
        'Vydáno',
        '',
        'HPP',
        'active',
        '2020-02-09 21:00:00',
        '2022-06-13 02:48:00'
    ), (
        372,
        '61012',
        '61012.jpg',
        'MUDr.',
        'Grobelná',
        NULL,
        NULL,
        'Hana',
        NULL,
        '6',
        '12',
        NULL,
        '2016-10-01',
        NULL,
        '7833e8',
        '202',
        '605295916',
        'Vydáno',
        '',
        'HPP',
        'active',
        '2020-02-09 21:00:00',
        NULL
    ), (
        374,
        '61006',
        '61006.jpg',
        'Bc.',
        'Gavroňová',
        NULL,
        NULL,
        'Petra',
        NULL,
        '12',
        '9',
        NULL,
        '2016-11-01',
        NULL,
        '66c908',
        '',
        '',
        'Vydáno',
        '',
        'HPP',
        'active',
        '2020-02-09 21:00:00',
        '2020-06-09 05:42:00'
    ), (
        375,
        '64402',
        '64402.jpg',
        NULL,
        'Viktorová',
        NULL,
        NULL,
        'Andrea',
        NULL,
        '11',
        '20',
        NULL,
        '2016-11-01',
        NULL,
        '66c908',
        '',
        '',
        'Vydáno',
        '',
        'HPP',
        'active',
        '2020-02-09 21:00:00',
        '2020-02-20 03:19:03'
    ), (
        376,
        '62610',
        '62610.jpg',
        NULL,
        'Nawratová',
        NULL,
        NULL,
        'Petra',
        'DiS.',
        '9',
        '55',
        NULL,
        '2016-11-14',
        NULL,
        'd9fa05',
        NULL,
        NULL,
        'Vydáno',
        '',
        'HPP',
        'active',
        '2020-02-09 21:00:00',
        '2021-08-06 06:18:59'
    ), (
        377,
        '61521',
        '61521.jpg',
        NULL,
        'Ježíšková',
        NULL,
        NULL,
        'Dominika',
        'DiS.',
        '18',
        '18',
        NULL,
        '2016-12-01',
        NULL,
        'ffa200',
        NULL,
        '725344865',
        'Vydáno',
        '',
        'HPP',
        'maternal',
        '2020-02-09 21:00:00',
        '2022-09-21 02:42:06'
    ), (
        379,
        '60201',
        '60201.jpg',
        NULL,
        'Barczoková',
        NULL,
        NULL,
        'Gabriela',
        NULL,
        '6',
        '20',
        NULL,
        '2016-12-20',
        NULL,
        '7833e8',
        '',
        '',
        'Vydáno',
        '',
        'HPP',
        'active',
        '2020-02-09 21:00:00',
        '2020-03-01 18:49:44'
    ), (
        380,
        '61111',
        '61111.jpg',
        NULL,
        'Gřibová',
        NULL,
        NULL,
        'Markéta',
        'DiS.',
        '18',
        '18',
        'gribova@khn.cz',
        '2017-01-02',
        NULL,
        'ffa200',
        '361',
        '725344865',
        'Vydáno',
        '',
        'HPP',
        'active',
        '2020-02-09 21:00:00',
        '2022-06-13 03:16:42'
    ), (
        381,
        '63807',
        '63807.jpg',
        NULL,
        'Sznapková',
        NULL,
        NULL,
        'Taťána',
        NULL,
        '15',
        '3',
        'sznapkova@khn.cz',
        '2017-01-02',
        NULL,
        'c90818',
        NULL,
        NULL,
        'Vydáno',
        '',
        'HPP',
        'active',
        '2020-02-09 21:00:00',
        '2022-06-13 02:19:56'
    ), (
        383,
        '64522',
        '64522.jpg',
        'Mgr.',
        'Wróbel',
        NULL,
        'Wilczková',
        'Jana',
        NULL,
        '9',
        '55',
        NULL,
        '2017-02-01',
        NULL,
        'd9fa05',
        NULL,
        NULL,
        'Vydáno',
        '',
        'HPP',
        'maternal',
        '2020-02-09 21:00:00',
        '2022-01-25 04:44:41'
    ), (
        384,
        '61822',
        '61822.jpg',
        'MUDr.',
        'Krajča',
        NULL,
        NULL,
        'Jan',
        NULL,
        '15',
        '12',
        NULL,
        '2017-02-01',
        NULL,
        'c90818',
        '',
        '',
        'Vydáno',
        '',
        'HPP',
        'active',
        '2020-02-09 21:00:00',
        '2020-03-06 11:58:14'
    ), (
        385,
        '63906',
        '63906.jpg',
        NULL,
        'Šimunková',
        NULL,
        NULL,
        'Alexandra',
        NULL,
        '3',
        '36',
        NULL,
        '2017-02-15',
        NULL,
        '4287f5',
        NULL,
        NULL,
        'Vydáno',
        '',
        'HPP',
        'active',
        '2020-02-09 21:00:00',
        '2022-04-14 07:38:11'
    ), (
        386,
        '60328',
        '60328.jpg',
        'Mgr.',
        'Budzińska',
        NULL,
        NULL,
        'Dorota',
        NULL,
        '12',
        '9',
        NULL,
        '2017-03-01',
        NULL,
        '66c908',
        '',
        '',
        'Vydáno',
        '',
        'HPP',
        'active',
        '2020-02-09 21:00:00',
        '2020-02-17 09:25:49'
    ), (
        387,
        '61113',
        '61113.jpg',
        'PharmDr.',
        'Karpetová',
        NULL,
        NULL,
        'Olga',
        NULL,
        '22',
        '6',
        'karpetova@khn.cz',
        '2022-09-27',
        NULL,
        '2c612a',
        NULL,
        '725669165',
        'Vydáno',
        '',
        'HPP',
        'active',
        '2020-02-09 21:00:00',
        '2022-10-04 06:22:45'
    ), (
        388,
        '63219',
        '63219.jpg',
        'Bc.',
        'Rigová',
        NULL,
        NULL,
        'Magdalena',
        NULL,
        '12',
        '9',
        NULL,
        '2017-04-03',
        NULL,
        '66c908',
        '',
        '',
        'Vydáno',
        '',
        'HPP',
        'active',
        '2020-02-09 21:00:00',
        '2020-02-20 03:18:48'
    ), (
        389,
        '64211',
        '64211.jpg',
        'MUDr.',
        'Rychtová',
        NULL,
        'Víchová',
        'Helena',
        NULL,
        '15',
        '12',
        NULL,
        '2017-04-13',
        NULL,
        'c90818',
        '',
        '',
        'Vydáno',
        '',
        'DPČ',
        'maternal',
        '2020-02-09 21:00:00',
        '2020-03-04 06:04:35'
    ), (
        390,
        '60803',
        '60803.jpg',
        NULL,
        'Entnerová',
        NULL,
        NULL,
        'Dagmar',
        'DiS.',
        '23',
        '55',
        NULL,
        '2012-03-01',
        NULL,
        '4287f5',
        '',
        '',
        'Vydáno',
        '',
        'DPČ',
        'active',
        '2020-02-09 21:00:00',
        '2020-09-01 02:14:23'
    ), (
        391,
        '61311',
        '61311.jpg',
        NULL,
        'Chobotová',
        NULL,
        NULL,
        'Slavka',
        NULL,
        '19',
        '22',
        NULL,
        '2017-05-09',
        NULL,
        '999999',
        '',
        '',
        'Vydáno',
        '',
        'HPP',
        'active',
        '2020-02-09 21:00:00',
        NULL
    ), (
        392,
        '63030',
        '63030.jpg',
        NULL,
        'Przybylová',
        NULL,
        NULL,
        'Barbara',
        NULL,
        '16',
        '20',
        NULL,
        '2017-05-15',
        NULL,
        '94f700',
        '',
        '',
        'Vydáno',
        '',
        'HPP',
        'active',
        '2020-02-09 21:00:00',
        NULL
    ), (
        393,
        '61807',
        '61807.jpg',
        'Bc.',
        'Koudelová',
        NULL,
        NULL,
        'Kateřina',
        NULL,
        '12',
        '9',
        NULL,
        '2017-06-01',
        NULL,
        '66c908',
        '',
        '',
        'Vydáno',
        '',
        'HPP',
        'active',
        '2020-02-09 21:00:00',
        '2020-02-17 09:25:28'
    ), (
        394,
        '61803',
        '61803.jpg',
        'Ing.',
        'Kolatková',
        NULL,
        NULL,
        'Marina',
        NULL,
        '14',
        '30',
        NULL,
        '2017-06-01',
        NULL,
        'a908c9',
        '183',
        '724829867',
        'Vydáno',
        NULL,
        'HPP',
        'active',
        '2020-02-09 21:00:00',
        '2022-11-13 15:11:00'
    ), (
        396,
        '61621',
        '61621.jpg',
        NULL,
        'Kocůrková',
        NULL,
        NULL,
        'Anna',
        'DiS.',
        '6',
        'praktická sestra',
        NULL,
        '2017-06-14',
        NULL,
        '7833e8',
        NULL,
        NULL,
        'Vydáno',
        '',
        'HPP',
        'maternal',
        '2020-02-09 21:00:00',
        '2021-11-03 04:12:57'
    ), (
        397,
        '61619',
        '61619.jpg',
        'Mgr.',
        'Kalčíková',
        NULL,
        NULL,
        'Miroslava',
        NULL,
        '12',
        '9',
        NULL,
        '2017-07-01',
        NULL,
        '66c908',
        '',
        '',
        'Vydáno',
        '',
        'HPP',
        'active',
        '2020-02-09 21:00:00',
        '2020-02-17 09:26:37'
    ), (
        398,
        '64424',
        '64424.jpg',
        'MUDr.',
        'Wajdová',
        NULL,
        NULL,
        'Gabriela',
        NULL,
        '5',
        '12',
        'wajdova@khn.cz',
        '2017-07-01',
        NULL,
        '4287f5',
        NULL,
        NULL,
        'Vydáno',
        '',
        'HPP',
        'active',
        '2020-02-09 21:00:00',
        '2022-06-13 02:11:52'
    ), (
        399,
        '62924',
        '62924.jpg',
        NULL,
        'Podracká',
        NULL,
        NULL,
        'Albína',
        NULL,
        '28',
        'praktická sestra',
        NULL,
        '2017-07-01',
        NULL,
        'ffa600',
        '',
        '',
        'Vydáno',
        '',
        'HPP',
        'active',
        '2020-02-09 21:00:00',
        NULL
    ), (
        400,
        '60413',
        '60413.jpg',
        NULL,
        'Ciupová',
        NULL,
        'Buławová',
        'Miroslava',
        'DiS.',
        '18',
        '18',
        NULL,
        '2017-07-03',
        NULL,
        'ffa200',
        '',
        '',
        'Vydáno',
        '',
        'HPP',
        'maternal',
        '2020-02-09 21:00:00',
        '2020-03-04 04:54:24'
    ), (
        401,
        '62902',
        '62902.jpg',
        NULL,
        'Plodková',
        NULL,
        NULL,
        'Hana',
        NULL,
        '28',
        '20',
        NULL,
        '2017-07-10',
        NULL,
        'ffa600',
        '',
        '',
        'Vydáno',
        '',
        'HPP',
        'active',
        '2020-02-09 21:00:00',
        NULL
    ), (
        403,
        '60121',
        '60121.jpg',
        'MUDr.',
        'Togtokhjargal',
        NULL,
        NULL,
        'Ariunjargal',
        NULL,
        '6',
        '12',
        NULL,
        '2017-07-15',
        NULL,
        '7833e8',
        '',
        '',
        'Vydáno',
        '',
        'HPP',
        'active',
        '2020-02-09 21:00:00',
        NULL
    ), (
        404,
        '61909',
        '61909.jpg',
        'MUDr.',
        'Kučera',
        NULL,
        NULL,
        'Josef',
        NULL,
        '1',
        '12',
        'kucera@khn.cz',
        '2017-07-17',
        NULL,
        '4287f5',
        '226',
        '774905020',
        'Vydáno',
        '',
        'HPP',
        'active',
        '2020-02-09 21:00:00',
        '2022-06-13 05:07:28'
    ), (
        405,
        '60801',
        '60801.jpg',
        'Bc.',
        'Ebert Drozdíková',
        'Drozdíková',
        NULL,
        'Eva',
        NULL,
        '5',
        '41',
        'drozdikova@khn.cz',
        '2017-07-19',
        NULL,
        '4287f5',
        '291',
        '724238749',
        'Vydáno',
        '',
        'HPP',
        'active',
        '2020-02-09 21:00:00',
        '2022-08-04 03:57:20'
    ), (
        407,
        '61711',
        '61711.jpg',
        NULL,
        'Koplová',
        NULL,
        NULL,
        'Lenka',
        NULL,
        '6',
        '20',
        NULL,
        '2017-08-01',
        NULL,
        '7833e8',
        '',
        '',
        'Vydáno',
        '',
        'HPP',
        'active',
        '2020-02-09 21:00:00',
        NULL
    ), (
        409,
        '61705',
        '61705.jpg',
        'Bc.',
        'Koloničná',
        NULL,
        NULL,
        'Renata',
        NULL,
        '14',
        '65',
        NULL,
        '2017-09-01',
        NULL,
        'a908c9',
        NULL,
        NULL,
        'Vydáno',
        NULL,
        'HPP',
        'active',
        '2020-02-09 21:00:00',
        '2022-11-13 15:10:53'
    ), (
        410,
        '61808',
        '61808.jpg',
        'MUDr.',
        'Klimszová',
        NULL,
        NULL,
        'Kristýna',
        NULL,
        '27',
        '12',
        NULL,
        '2017-09-15',
        NULL,
        'd9fa05',
        '',
        '',
        'Vydáno',
        '',
        'HPP',
        'active',
        '2020-02-09 21:00:00',
        NULL
    ), (
        411,
        '64525',
        '64525.jpg',
        NULL,
        'Wernerová',
        NULL,
        NULL,
        'Nikola',
        'DiS.',
        '8',
        '55',
        NULL,
        '2017-10-01',
        NULL,
        'd9fa05',
        '254',
        NULL,
        'Vydáno',
        '',
        'DPP',
        'active',
        '2020-02-09 21:00:00',
        '2022-03-09 07:51:35'
    ), (
        412,
        '61413',
        '61413.jpg',
        'Bc.',
        'Janová',
        NULL,
        NULL,
        'Nikola',
        NULL,
        '1',
        '55',
        NULL,
        '2017-10-01',
        NULL,
        '4287f5',
        NULL,
        NULL,
        'Vydáno',
        '',
        'DPP',
        'active',
        '2020-02-09 21:00:00',
        '2022-09-06 08:11:57'
    ), (
        413,
        '64822',
        '64822.jpg',
        NULL,
        'Zábržová',
        NULL,
        NULL,
        'Klára',
        NULL,
        '1',
        '55',
        NULL,
        '2017-10-01',
        NULL,
        '4287f5',
        '',
        '',
        'Vydáno',
        '',
        'HPP',
        'maternal',
        '2020-02-09 21:00:00',
        '2020-03-04 06:21:34'
    ), (
        415,
        '60301',
        '60301.jpg',
        NULL,
        'Benešová',
        NULL,
        NULL,
        'Blanka',
        NULL,
        '8',
        '55',
        NULL,
        '2017-10-02',
        NULL,
        'd9fa05',
        '',
        '',
        'Vydáno',
        '',
        'HPP',
        'active',
        '2020-02-09 21:00:00',
        NULL
    ), (
        416,
        '61526',
        '61526.jpg',
        NULL,
        'Johnová',
        NULL,
        NULL,
        'Michaela',
        NULL,
        '1',
        'praktická sestra',
        NULL,
        '2017-11-01',
        NULL,
        '4287f5',
        '',
        '',
        'Vydáno',
        '',
        'HPP',
        'active',
        '2020-02-09 21:00:00',
        '2020-03-04 06:31:21'
    ), (
        418,
        '64309',
        '64309.jpg',
        NULL,
        'Vranová',
        NULL,
        NULL,
        'Štěpánka',
        NULL,
        '5',
        '55',
        NULL,
        '2017-11-27',
        NULL,
        '4287f5',
        '',
        '',
        'Vydáno',
        '',
        'HPP',
        'active',
        '2020-02-09 21:00:00',
        NULL
    ), (
        419,
        '64817',
        '64817.jpg',
        'MUDr.',
        'Zvarík',
        NULL,
        NULL,
        'Pavol',
        NULL,
        '15',
        '12',
        'zvarik@khn.cz',
        '2017-12-01',
        NULL,
        'c90818',
        '267',
        '776376793',
        'Vydáno',
        '',
        'HPP',
        'active',
        '2020-02-09 21:00:00',
        '2022-06-13 02:08:57'
    ), (
        420,
        '63907',
        '63907.jpg',
        NULL,
        'Ščípová',
        NULL,
        NULL,
        'Taťána',
        NULL,
        '4',
        '55',
        NULL,
        '2017-12-01',
        NULL,
        '4287f5',
        NULL,
        '731129320',
        'Vydáno',
        '',
        'HPP',
        'active',
        '2020-02-09 21:00:00',
        '2022-09-21 02:20:35'
    ), (
        421,
        '60914',
        '60914.jpg',
        NULL,
        'Figurová',
        NULL,
        NULL,
        'Ivana',
        NULL,
        '24',
        'recepční',
        NULL,
        '2017-12-01',
        NULL,
        '999999',
        '',
        '',
        'Vydáno',
        '',
        'HPP',
        'active',
        '2020-02-09 21:00:00',
        NULL
    ), (
        422,
        '61308',
        '61308.jpg',
        NULL,
        'Hlubinová',
        NULL,
        NULL,
        'Dagmar',
        NULL,
        '19',
        '22',
        NULL,
        '2022-04-07',
        NULL,
        '999999',
        NULL,
        NULL,
        'Vydáno',
        '',
        'HPP',
        'active',
        '2020-02-09 21:00:00',
        '2022-04-07 05:34:58'
    ), (
        423,
        '60421',
        '60421.jpg',
        NULL,
        'Bořutová',
        NULL,
        NULL,
        'Marcela',
        NULL,
        '15',
        'radiologický asistent',
        NULL,
        '2017-12-19',
        NULL,
        'c90818',
        '',
        '',
        'Vydáno',
        '',
        'DPP',
        'active',
        '2020-02-09 21:00:00',
        '2020-03-10 12:09:15'
    ), (
        424,
        '62819',
        '62819.jpg',
        NULL,
        'Palašová',
        NULL,
        NULL,
        'Žaneta',
        NULL,
        '3',
        '55',
        NULL,
        '2017-12-27',
        NULL,
        '4287f5',
        NULL,
        NULL,
        'Vydáno',
        '',
        'HPP',
        'active',
        '2020-02-09 21:00:00',
        '2022-04-14 07:38:38'
    ), (
        425,
        '63905',
        '63905.jpg',
        NULL,
        'Šubová',
        NULL,
        NULL,
        'Michaela',
        NULL,
        '24',
        'recepční',
        NULL,
        '2018-01-01',
        NULL,
        '999999',
        '',
        '',
        'Vydáno',
        '',
        'HPP',
        'active',
        '2020-02-09 21:00:00',
        NULL
    ), (
        426,
        '60401',
        '60401.jpg',
        'Mgr.',
        'Bogocz',
        NULL,
        NULL,
        'Danuta',
        NULL,
        '6',
        '10',
        NULL,
        '2018-01-01',
        NULL,
        '7833e8',
        '301',
        '724370845',
        'Vydáno',
        '',
        'HPP',
        'active',
        '2020-02-09 21:00:00',
        '2021-02-22 06:47:10'
    ), (
        427,
        '60921',
        '60921.jpg',
        NULL,
        'Frajkovský',
        NULL,
        NULL,
        'Jakub',
        NULL,
        '18',
        '11',
        NULL,
        '2018-01-02',
        NULL,
        'ffa200',
        '',
        '',
        'Vydáno',
        '',
        'HPP',
        'active',
        '2020-02-09 21:00:00',
        '2020-02-27 08:55:42'
    ), (
        428,
        '61229',
        '61229.jpg',
        NULL,
        'Hrozová',
        'Nováková',
        NULL,
        'Marcela',
        NULL,
        '19',
        '22',
        NULL,
        '2018-01-02',
        NULL,
        '999999',
        '',
        '',
        'Vydáno',
        '',
        'HPP',
        'active',
        '2020-02-09 21:00:00',
        '2021-01-21 06:53:59'
    ), (
        429,
        '62524',
        '62524.jpg',
        NULL,
        'Wilczek',
        NULL,
        NULL,
        'Kateřina',
        NULL,
        '7',
        '3',
        'wilczek@khn.cz',
        '2018-01-02',
        NULL,
        '222222',
        '315',
        NULL,
        'Vydáno',
        '',
        'HPP',
        'active',
        '2020-02-09 21:00:00',
        '2022-06-13 02:10:34'
    ), (
        430,
        '63227',
        '63227.jpg',
        NULL,
        'Rucká',
        NULL,
        NULL,
        'Veronika',
        NULL,
        '30',
        'praktická sestra',
        NULL,
        '2018-01-02',
        NULL,
        '4287f5',
        NULL,
        NULL,
        'Vydáno',
        '',
        'HPP',
        'active',
        '2020-02-09 21:00:00',
        '2022-04-06 05:49:57'
    ), (
        431,
        '62613',
        '62613.jpg',
        NULL,
        'Nalewajková',
        NULL,
        NULL,
        'Petra',
        NULL,
        '1',
        '20',
        NULL,
        '2018-01-17',
        NULL,
        '4287f5',
        NULL,
        NULL,
        'Vydáno',
        '',
        'HPP',
        'active',
        '2020-02-09 21:00:00',
        '2021-09-13 02:33:44'
    ), (
        432,
        '60323',
        '60323.jpg',
        'Bc.',
        'Božovská',
        NULL,
        NULL,
        'Petra',
        NULL,
        '9',
        '55',
        'bozovska@khn.cz',
        '2018-02-01',
        NULL,
        'd9fa05',
        NULL,
        NULL,
        'Vydáno',
        '',
        'HPP',
        'active',
        '2020-02-09 21:00:00',
        '2022-06-13 02:51:56'
    ), (
        433,
        '63425',
        '63425.jpg',
        NULL,
        'Skořepová',
        NULL,
        NULL,
        'Adéla',
        NULL,
        '6',
        '20',
        NULL,
        '2018-02-01',
        NULL,
        '7833e8',
        NULL,
        NULL,
        'Vydáno',
        '',
        'HPP',
        'active',
        '2020-02-09 21:00:00',
        '2022-04-01 09:58:12'
    ), (
        434,
        '62908',
        '62908.jpg',
        'Bc.',
        'Paszová',
        NULL,
        NULL,
        'Dominika',
        NULL,
        '28',
        '55',
        NULL,
        '2018-03-01',
        NULL,
        'ffa600',
        NULL,
        NULL,
        'Vydáno',
        '',
        'HPP',
        'active',
        '2020-02-09 21:00:00',
        '2022-09-01 05:20:39'
    ), (
        435,
        '62716',
        '62716.jpg',
        NULL,
        'Kawková',
        NULL,
        NULL,
        'Kateřina',
        NULL,
        '6',
        '20',
        NULL,
        '2018-03-01',
        NULL,
        '7833e8',
        '',
        '',
        'Vydáno',
        '',
        'HPP',
        'active',
        '2020-02-09 21:00:00',
        NULL
    ), (
        438,
        '61213',
        '61213.jpg',
        NULL,
        'Holomková',
        NULL,
        NULL,
        'Markéta',
        NULL,
        '11',
        '55',
        NULL,
        '2018-05-07',
        NULL,
        '66c908',
        '',
        '',
        'Vydáno',
        '',
        'HPP',
        'active',
        '2020-02-09 21:00:00',
        '2020-02-20 03:17:59'
    ), (
        439,
        '62927',
        '62927.jpg',
        NULL,
        'Pružinská',
        NULL,
        NULL,
        'Gabriela',
        NULL,
        '15',
        '3',
        NULL,
        '2018-05-21',
        NULL,
        'c90818',
        '',
        '',
        'Vydáno',
        '',
        'HPP',
        'active',
        '2020-02-09 21:00:00',
        '2020-02-17 09:37:42'
    ), (
        440,
        '63912',
        '63912.jpg',
        'MUDr.',
        'Šupšáková',
        NULL,
        NULL,
        'Petra',
        'MBA, LL.M.',
        '15',
        '12',
        'supsakova@khn.cz',
        '2018-06-01',
        NULL,
        'c90818',
        '267',
        '724001217',
        'Vydáno',
        '',
        'HPP',
        'active',
        '2020-02-09 21:00:00',
        '2022-06-13 02:18:18'
    ), (
        444,
        '63609',
        '63609.jpg',
        'Bc.',
        'Slobodová',
        NULL,
        NULL,
        'Helena',
        NULL,
        '23',
        '55',
        NULL,
        '2018-07-02',
        NULL,
        'a31561',
        '',
        '',
        'Vydáno',
        '',
        'HPP',
        'active',
        '2020-02-09 21:00:00',
        NULL
    ), (
        445,
        '63913',
        '63913.jpg',
        NULL,
        'Štajnerová',
        NULL,
        NULL,
        'Hana',
        NULL,
        '5',
        '20',
        NULL,
        '2018-08-01',
        NULL,
        '4287f5',
        NULL,
        NULL,
        'Vydáno',
        '',
        'HPP',
        'active',
        '2020-02-09 21:00:00',
        '2022-06-10 06:11:55'
    ), (
        447,
        '62508',
        '62508.jpg',
        NULL,
        'Mlotková',
        NULL,
        NULL,
        'Kateřina',
        NULL,
        '15',
        '55',
        NULL,
        '2018-08-01',
        NULL,
        'c90818',
        '',
        '',
        'Vydáno',
        '',
        'HPP',
        'active',
        '2020-02-09 21:00:00',
        NULL
    ), (
        448,
        '63411',
        '63411.jpg',
        'MUDr.',
        'Kubináková',
        NULL,
        'Sembolová',
        'Pavlína',
        NULL,
        '1',
        '12',
        NULL,
        '2018-08-01',
        NULL,
        '4287f5',
        '',
        '',
        'Vydáno',
        '',
        'HPP',
        'maternal',
        '2020-02-09 21:00:00',
        '2020-03-04 05:30:16'
    ), (
        449,
        '60424',
        '60424.jpg',
        NULL,
        'Brzósková',
        NULL,
        NULL,
        'Romana',
        NULL,
        '15',
        '3',
        NULL,
        '2018-08-01',
        NULL,
        'c90818',
        '',
        '',
        'Vydáno',
        '',
        'HPP',
        'active',
        '2020-02-09 21:00:00',
        '2020-02-17 09:37:26'
    ), (
        450,
        '61330',
        '61330.jpg',
        NULL,
        'Chmiel',
        NULL,
        NULL,
        'Adam',
        'DiS.',
        '1',
        '41',
        'chmiel@khn.cz',
        '2018-08-01',
        NULL,
        '4287f5',
        '222',
        '734695208',
        'Vydáno',
        '',
        'HPP',
        'active',
        '2020-02-09 21:00:00',
        '2022-06-13 05:02:52'
    ), (
        452,
        '61129',
        '61129.jpg',
        NULL,
        'Herdová',
        NULL,
        NULL,
        'Hana',
        NULL,
        '1',
        '55',
        NULL,
        '2018-09-01',
        NULL,
        '4287f5',
        NULL,
        NULL,
        'Vydáno',
        '',
        'HPP',
        'maternal',
        '2020-02-09 21:00:00',
        '2021-11-03 04:13:52'
    ), (
        453,
        '61821',
        '61821.jpg',
        'Bc.',
        'Jastrzembská',
        NULL,
        NULL,
        'Barbora',
        NULL,
        '11',
        '55',
        NULL,
        '2018-09-01',
        NULL,
        '66c908',
        '',
        '',
        'Vydáno',
        '',
        'HPP',
        'active',
        '2020-02-09 21:00:00',
        '2020-02-20 03:18:17'
    ), (
        455,
        '63914',
        '63914.jpg',
        'Bc.',
        'Nawrat',
        NULL,
        'Šostoková',
        'Simona',
        NULL,
        '9',
        '55',
        NULL,
        '2018-09-03',
        NULL,
        'd9fa05',
        NULL,
        NULL,
        'Vydáno',
        '',
        'HPP',
        'active',
        '2020-02-09 21:00:00',
        '2022-07-21 09:06:48'
    ), (
        456,
        '64612',
        '64612.jpg',
        NULL,
        'Zátopková',
        NULL,
        NULL,
        'Vladislava',
        NULL,
        '1',
        '20',
        NULL,
        '2018-09-03',
        NULL,
        '4287f5',
        '',
        '',
        'Vydáno',
        '',
        'HPP',
        'active',
        '2020-02-09 21:00:00',
        NULL
    ), (
        457,
        '64827',
        '64827.jpg',
        'Ing.',
        'Zwierzyna',
        NULL,
        NULL,
        'Miriam',
        NULL,
        '15',
        '10',
        NULL,
        '2018-09-03',
        NULL,
        'c90818',
        NULL,
        NULL,
        'Vydáno',
        NULL,
        'HPP',
        'active',
        '2020-02-09 21:00:00',
        '2022-11-13 20:30:32'
    ), (
        458,
        '61303',
        'no_image.png',
        'MUDr.',
        'Horáková',
        NULL,
        NULL,
        'Jana',
        NULL,
        '6',
        '12',
        NULL,
        '2018-09-03',
        NULL,
        '7833e8',
        NULL,
        NULL,
        'Vydáno',
        NULL,
        'HPP',
        'active',
        '2020-02-09 21:00:00',
        '2022-11-12 15:26:26'
    ), (
        459,
        '64320',
        '64320.jpg',
        'Ing.',
        'Vajglová',
        NULL,
        NULL,
        'Sára',
        NULL,
        '17',
        '56',
        'vajglovas@khn.cz',
        '2018-09-10',
        NULL,
        'ffee00',
        '442',
        '736260206',
        'Vydáno',
        '',
        'HPP',
        'active',
        '2020-02-09 21:00:00',
        '2022-06-13 02:16:41'
    ), (
        460,
        '61908',
        '61908.jpg',
        'MUDr.',
        'Kusová',
        NULL,
        NULL,
        'Jana',
        NULL,
        '13',
        '30',
        'kusovaj@khn.cz',
        '2018-10-01',
        NULL,
        NULL,
        '501, 531',
        '724049924',
        'Vydáno',
        '',
        'HPP',
        'active',
        '2020-02-09 21:00:00',
        '2022-06-13 02:40:57'
    ), (
        462,
        '62220',
        '62220.jpg',
        NULL,
        'Gruszkowská',
        NULL,
        NULL,
        'Marcela',
        NULL,
        '23',
        '55',
        NULL,
        '2018-10-01',
        NULL,
        'a31561',
        '',
        '',
        'Vydáno',
        '',
        'DPP',
        'active',
        '2020-02-09 21:00:00',
        NULL
    ), (
        464,
        '62408',
        '62408.jpg',
        NULL,
        'Orságová',
        NULL,
        NULL,
        'Marcela',
        NULL,
        '5',
        '63',
        NULL,
        '2018-11-01',
        NULL,
        '7833e8',
        '228, 229',
        NULL,
        'Vydáno',
        '',
        'HPP',
        'active',
        '2020-02-09 21:00:00',
        '2022-05-31 04:48:57'
    ), (
        465,
        '63409',
        '63409.jpg',
        'Bc.',
        'Smrčková',
        NULL,
        NULL,
        'Sandra',
        NULL,
        '14',
        '65',
        NULL,
        '2018-11-01',
        NULL,
        'a908c9',
        NULL,
        NULL,
        'Vydáno',
        NULL,
        'HPP',
        'active',
        '2020-02-09 21:00:00',
        '2022-11-13 15:10:47'
    ), (
        466,
        '62218',
        '62218.jpg',
        NULL,
        'Linkovová',
        NULL,
        NULL,
        'Šárka',
        NULL,
        '19',
        '22',
        NULL,
        '2018-11-23',
        NULL,
        '999999',
        '',
        '',
        'Vydáno',
        '',
        'HPP',
        'active',
        '2020-02-09 21:00:00',
        NULL
    ), (
        467,
        '60123',
        '60123.jpg',
        NULL,
        'Badurová',
        NULL,
        NULL,
        'Lenka',
        NULL,
        '19',
        '22',
        NULL,
        '2018-11-28',
        NULL,
        '999999',
        NULL,
        NULL,
        'Vydáno',
        '',
        'HPP',
        'active',
        '2020-02-09 21:00:00',
        '2022-06-10 08:29:29'
    ), (
        468,
        '61906',
        '61906.jpg',
        NULL,
        'Klimánková',
        NULL,
        NULL,
        'Jana',
        NULL,
        '28',
        '55',
        NULL,
        '2018-12-01',
        NULL,
        'ffa600',
        '',
        '',
        'Vydáno',
        '',
        'HPP',
        'active',
        '2020-02-09 21:00:00',
        NULL
    ), (
        469,
        '63106',
        '63106.jpg',
        NULL,
        'Pukowiecová',
        NULL,
        NULL,
        'Monika',
        NULL,
        '11',
        '36',
        NULL,
        '2018-12-01',
        NULL,
        '66c908',
        '',
        '',
        'Vydáno',
        '',
        'HPP',
        'active',
        '2020-02-09 21:00:00',
        '2020-02-20 03:15:41'
    ), (
        470,
        '61414',
        '61414.jpg',
        'MUDr.',
        'Kollerová',
        NULL,
        NULL,
        'Eliška',
        NULL,
        '12',
        '12',
        'kollerova@khn.cz',
        '2019-01-01',
        NULL,
        '66c908',
        NULL,
        '725669180',
        'Vydáno',
        '',
        'HPP',
        'active',
        '2020-02-09 21:00:00',
        '2022-10-26 06:32:23'
    ), (
        471,
        '60926',
        '60926.jpg',
        NULL,
        'Fúčelová',
        NULL,
        NULL,
        'Dagmar',
        NULL,
        '6',
        '20',
        NULL,
        '2019-01-02',
        NULL,
        '7833e8',
        '',
        '',
        'Vydáno',
        '',
        'HPP',
        'active',
        '2020-02-09 21:00:00',
        NULL
    ), (
        472,
        '63908',
        '63908.jpg',
        'Bc.',
        'Šilingová',
        NULL,
        NULL,
        'Petra',
        NULL,
        '6',
        '55',
        NULL,
        '2019-01-02',
        NULL,
        '7833e8',
        '',
        '',
        'Vydáno',
        '',
        'HPP',
        'active',
        '2020-02-09 21:00:00',
        '2020-07-08 02:08:33'
    ), (
        473,
        '63729',
        '63729.jpg',
        'Bc.',
        'Sydorová',
        NULL,
        NULL,
        'Hana',
        NULL,
        '9',
        '55',
        NULL,
        '2019-01-02',
        NULL,
        'd9fa05',
        '',
        '',
        'Vydáno',
        '',
        'HPP',
        'active',
        '2020-02-09 21:00:00',
        NULL
    ), (
        475,
        '60612',
        '60612.jpg',
        NULL,
        'Chrzaszczová',
        NULL,
        NULL,
        'Adéla',
        'DiS.',
        '28',
        '55',
        NULL,
        '2019-01-08',
        NULL,
        'ffa600',
        NULL,
        NULL,
        'Vydáno',
        NULL,
        'HPP',
        'active',
        '2020-02-09 21:00:00',
        '2022-11-13 22:26:25'
    ), (
        476,
        '63915',
        '63915.jpg',
        NULL,
        'Szkutová',
        NULL,
        NULL,
        'Jana',
        NULL,
        '6',
        '55',
        NULL,
        '2019-01-10',
        NULL,
        '7833e8',
        '',
        '',
        'Vydáno',
        '',
        'HPP',
        'active',
        '2020-02-09 21:00:00',
        NULL
    ), (
        477,
        '62911',
        '62911.jpg',
        'Bc.',
        'Mühldorfová',
        NULL,
        NULL,
        'Daniela',
        NULL,
        '20',
        '55',
        NULL,
        '2019-01-16',
        NULL,
        '222222',
        NULL,
        NULL,
        'Vydáno',
        '',
        'HPP',
        'active',
        '2020-02-09 21:00:00',
        '2021-03-09 09:28:02'
    ), (
        480,
        '61415',
        '61415.jpg',
        NULL,
        'Jaworková',
        NULL,
        NULL,
        'Dagmar',
        NULL,
        '19',
        '22',
        NULL,
        '2019-03-01',
        NULL,
        '999999',
        '',
        '',
        'Vydáno',
        '',
        'HPP',
        'active',
        '2020-02-09 21:00:00',
        NULL
    ), (
        481,
        '64821',
        '64821.jpg',
        'Bc.',
        'Havlíčková',
        NULL,
        NULL,
        'Krystyna',
        NULL,
        '23',
        '55',
        NULL,
        '2019-03-11',
        NULL,
        'a31561',
        '',
        '',
        'Vydáno',
        '',
        'HPP',
        'active',
        '2020-02-09 21:00:00',
        NULL
    ), (
        482,
        '61128',
        '61128.jpg',
        'Mgr.',
        'Hanusková',
        NULL,
        NULL,
        'Zdenka',
        NULL,
        '24',
        'recepční',
        NULL,
        '2019-03-12',
        NULL,
        '999999',
        '',
        '',
        'Vydáno',
        '',
        'HPP',
        'active',
        '2020-02-09 21:00:00',
        '2020-03-04 07:38:26'
    ), (
        483,
        '61904',
        '61904.jpg',
        NULL,
        'Králová',
        NULL,
        NULL,
        'Lucie',
        NULL,
        '9',
        '55',
        'kralova@khn.cz',
        '2019-04-01',
        NULL,
        'd9fa05',
        NULL,
        NULL,
        'Vydáno',
        '',
        'HPP',
        'active',
        '2020-02-09 21:00:00',
        '2022-06-13 05:09:25'
    ), (
        485,
        '62728',
        '62728.jpg',
        'Bc.',
        'Kociánová',
        NULL,
        NULL,
        'Eva',
        NULL,
        '1',
        '55',
        NULL,
        '2019-05-01',
        NULL,
        '4287f5',
        '',
        '',
        'Vydáno',
        '',
        'HPP',
        'active',
        '2020-02-09 21:00:00',
        NULL
    ), (
        486,
        '62008',
        '62008.jpg',
        NULL,
        'Koĺatková',
        NULL,
        NULL,
        'Kateřina',
        NULL,
        '1',
        '55',
        NULL,
        '2019-05-01',
        NULL,
        '4287f5',
        '183',
        '724829867',
        'Vydáno',
        '',
        'HPP',
        'active',
        '2020-02-09 21:00:00',
        NULL
    ), (
        487,
        '61014',
        '61014.jpg',
        NULL,
        'Glatzová',
        NULL,
        NULL,
        'Blanka',
        NULL,
        '1',
        '55',
        NULL,
        '2019-05-01',
        NULL,
        '4287f5',
        '',
        '',
        'Vydáno',
        '',
        'HPP',
        'active',
        '2020-02-09 21:00:00',
        NULL
    ), (
        489,
        '61105',
        '61105.jpg',
        NULL,
        'Grunzová',
        NULL,
        NULL,
        'Růžena',
        NULL,
        '19',
        '22',
        NULL,
        '2019-05-27',
        NULL,
        '999999',
        '',
        '',
        'Vydáno',
        '',
        'HPP',
        'active',
        '2020-02-09 21:00:00',
        NULL
    ), (
        490,
        '62722',
        '62722.jpg',
        NULL,
        'Ondreášová',
        NULL,
        NULL,
        'Jana',
        NULL,
        '24',
        'recepční',
        NULL,
        '2019-06-03',
        NULL,
        '999999',
        '',
        '',
        'Vydáno',
        '',
        'HPP',
        'active',
        '2020-02-09 21:00:00',
        '2020-03-04 07:38:20'
    ), (
        492,
        '60223',
        '60223.jpg',
        NULL,
        'Bartošová',
        NULL,
        NULL,
        'Kateřina',
        'DiS.',
        '6',
        '55',
        NULL,
        '2019-07-01',
        NULL,
        '7833e8',
        NULL,
        NULL,
        'Vydáno',
        '',
        'HPP',
        'active',
        '2020-02-09 21:00:00',
        '2021-09-14 06:45:17'
    ), (
        496,
        '61829',
        '61829.jpg',
        'MUDr.',
        'Krejsa',
        NULL,
        NULL,
        'Vojtěch',
        NULL,
        '11',
        '12',
        'krejsa@khn.cz',
        '2019-08-01',
        NULL,
        '66c908',
        NULL,
        NULL,
        'Vydáno',
        '',
        'HPP',
        'active',
        '2020-02-09 21:00:00',
        '2022-06-13 05:08:58'
    ), (
        498,
        '61126',
        '61126.jpg',
        NULL,
        'Hnyk',
        NULL,
        NULL,
        'Jaroslav',
        NULL,
        '6',
        'praktická sestra',
        NULL,
        '2019-09-02',
        NULL,
        '7833e8',
        '',
        '',
        'Vydáno',
        '',
        'HPP',
        'active',
        '2020-02-09 21:00:00',
        NULL
    ), (
        500,
        '61416',
        '61416.jpg',
        'MUDr.',
        'Holubová',
        NULL,
        NULL,
        'Michaela',
        NULL,
        '6',
        '12',
        NULL,
        '2019-10-01',
        NULL,
        '7833e8',
        NULL,
        '725669170',
        'Vydáno',
        '',
        'HPP',
        'active',
        '2020-02-09 21:00:00',
        '2022-09-07 05:08:02'
    ), (
        501,
        '60930',
        '60930.jpg',
        'Bc.',
        'Gallusová',
        NULL,
        NULL,
        'Karin',
        NULL,
        '6',
        '55',
        NULL,
        '2019-10-01',
        NULL,
        '7833e8',
        NULL,
        NULL,
        'Vydáno',
        '',
        'HPP',
        'active',
        '2020-02-09 21:00:00',
        '2022-06-03 04:23:25'
    ), (
        502,
        '60701',
        '60701.jpg',
        'MUDr.',
        'Daniel',
        NULL,
        NULL,
        'Filip',
        NULL,
        '28',
        '12',
        NULL,
        '2019-10-01',
        NULL,
        'ffa600',
        '',
        '',
        'Vydáno',
        '',
        'HPP',
        'active',
        '2020-02-09 21:00:00',
        '2020-03-04 04:57:41'
    ), (
        504,
        '64323',
        '64323.jpg',
        NULL,
        'Valicová',
        NULL,
        NULL,
        'Lenka',
        NULL,
        '11',
        '36',
        NULL,
        '2019-11-01',
        NULL,
        '66c908',
        '',
        '',
        'Vydáno',
        '',
        'HPP',
        'active',
        '2020-02-09 21:00:00',
        '2020-02-20 03:19:43'
    ), (
        505,
        '60622',
        '60622.jpg',
        'Mgr.',
        'Czempielová',
        NULL,
        NULL,
        'Jana',
        NULL,
        '28',
        '55',
        NULL,
        '2019-11-01',
        NULL,
        'ffa600',
        '',
        '',
        'Vydáno',
        '',
        'HPP',
        'active',
        '2020-02-09 21:00:00',
        NULL
    ), (
        506,
        '63919',
        '63919.jpg',
        NULL,
        'Ščípa',
        NULL,
        NULL,
        'Roman',
        NULL,
        '22',
        'sanitář',
        NULL,
        '2019-12-02',
        NULL,
        '2c612a',
        '',
        '',
        'Vydáno',
        '',
        'HPP',
        'active',
        '2020-02-09 21:00:00',
        '2021-01-18 08:55:52'
    ), (
        508,
        '61828',
        '61828.jpg',
        NULL,
        'Kozáková',
        NULL,
        NULL,
        'Renáta',
        NULL,
        '7',
        '36',
        NULL,
        '2019-12-12',
        NULL,
        '7833e8',
        '',
        '',
        'Vydáno',
        '',
        'HPP',
        'active',
        '2020-02-09 21:00:00',
        '2020-02-18 03:54:57'
    ), (
        509,
        '62015',
        '62015.jpg',
        NULL,
        'Kocajanidisová',
        NULL,
        NULL,
        'Ladislava',
        NULL,
        '6',
        'praktická sestra',
        NULL,
        '2019-12-16',
        NULL,
        '7833e8',
        '',
        '',
        'Vydáno',
        '',
        'HPP',
        'active',
        '2020-02-09 21:00:00',
        NULL
    ), (
        510,
        '62727',
        '62727.jpg',
        NULL,
        'Oslizloková',
        NULL,
        NULL,
        'Lenka',
        NULL,
        '24',
        'recepční',
        NULL,
        '2020-01-02',
        NULL,
        '999999',
        '',
        '',
        'Vydáno',
        '',
        'HPP',
        'active',
        '2020-02-09 21:00:00',
        '2020-02-19 17:42:43'
    ), (
        511,
        '60623',
        '60623.jpg',
        NULL,
        'Czyžová',
        NULL,
        NULL,
        'Pavlína',
        NULL,
        '19',
        '22',
        NULL,
        '2020-01-25',
        NULL,
        '999999',
        '',
        '',
        'Vydáno',
        '',
        'HPP',
        'active',
        '2020-02-09 21:00:00',
        NULL
    ), (
        512,
        '61215',
        '61215.jpg',
        NULL,
        'Horká',
        NULL,
        NULL,
        'Marie',
        NULL,
        '15',
        'radiologický asistent',
        NULL,
        '2000-01-01',
        NULL,
        'c90818',
        '',
        '',
        'Vydáno',
        '',
        'DPP',
        'active',
        '2020-02-09 21:00:00',
        '2020-02-20 03:28:01'
    ), (
        516,
        '60219',
        '60219.jpg',
        'Bc.',
        'Bernatíková',
        NULL,
        NULL,
        'Hana',
        NULL,
        '23',
        '55',
        NULL,
        '2020-02-01',
        NULL,
        'a31561',
        '',
        '',
        'Vydáno',
        '',
        'HPP',
        'active',
        '2020-02-09 21:00:00',
        '2021-01-14 04:34:45'
    ), (
        518,
        '61419',
        '61419.jpg',
        NULL,
        'Halčáková',
        NULL,
        NULL,
        'Jaroslava',
        NULL,
        '23',
        '55',
        NULL,
        '2018-06-13',
        NULL,
        'a31561',
        '',
        '',
        'Vydáno',
        '',
        'HPP',
        'active',
        '2020-02-17 08:55:23',
        '2020-02-18 07:07:23'
    ), (
        519,
        '60102',
        '60102.jpg',
        'MUDr.',
        'Adamová',
        NULL,
        NULL,
        'Andrea',
        NULL,
        '9',
        '12',
        NULL,
        '2019-11-01',
        NULL,
        'd9fa05',
        '423',
        '604153029',
        'Vydáno',
        NULL,
        'HPP',
        'active',
        '2020-02-18 03:20:27',
        '2022-11-13 12:05:27'
    ), (
        521,
        '63613',
        '63613.jpg',
        'MUDr.',
        'Solák',
        NULL,
        NULL,
        'Marek',
        NULL,
        '28',
        '12',
        'solak@khn.cz',
        '2020-02-01',
        NULL,
        'ffa600',
        '145',
        '607156597',
        'Vydáno',
        '',
        'HPP',
        'active',
        '2020-02-18 03:42:31',
        '2022-08-22 09:52:02'
    ), (
        522,
        '62016',
        '62016.jpg',
        'MUDr.',
        'Kantor',
        NULL,
        NULL,
        'Ivo',
        NULL,
        '28',
        '12',
        'kantor@khn.cz',
        '2020-02-01',
        NULL,
        'ffa600',
        '145',
        '603370305',
        'Vydáno',
        '',
        'HPP',
        'active',
        '2020-02-18 03:43:29',
        '2022-06-13 05:15:00'
    ), (
        523,
        '60130',
        '60130.jpg',
        'MUDr.',
        'Blahut',
        NULL,
        NULL,
        'Jan',
        NULL,
        '28',
        '12',
        'blahut@khn.cz',
        '2020-02-01',
        NULL,
        'ffa600',
        '145',
        '774088790',
        'Vydáno',
        '',
        'HPP',
        'active',
        '2020-02-18 03:44:14',
        '2022-06-13 02:48:42'
    ), (
        524,
        '60128',
        '60128.jpg',
        'MUDr.',
        'Barabas',
        NULL,
        NULL,
        'Peter',
        NULL,
        '28',
        '12',
        'barabas@khn.cz',
        '2020-02-01',
        NULL,
        'ffa600',
        '145',
        '703866577',
        'Vydáno',
        '',
        'HPP',
        'active',
        '2020-02-18 03:45:20',
        '2022-06-13 02:06:15'
    ), (
        526,
        '62322',
        '62322.jpg',
        NULL,
        'Mašlár',
        NULL,
        NULL,
        'Petr',
        NULL,
        '25',
        'pracovník údržby - instalatér',
        'maslar@khn.cz',
        '2020-02-03',
        NULL,
        '999999',
        NULL,
        NULL,
        'Vydáno',
        '',
        'HPP',
        'active',
        '2020-02-18 03:48:21',
        '2022-06-13 02:38:18'
    ), (
        527,
        '64610',
        '64610.jpg',
        NULL,
        'Zagrapanová',
        NULL,
        NULL,
        'Eva',
        NULL,
        '8',
        '55',
        NULL,
        '2020-02-03',
        NULL,
        'd9fa05',
        '',
        '',
        'Vydáno',
        '',
        'HPP',
        'active',
        '2020-02-18 03:52:43',
        '2020-02-18 03:52:43'
    ), (
        528,
        '63520',
        '63520.jpg',
        NULL,
        'Sobociková',
        NULL,
        NULL,
        'Lucie',
        NULL,
        '9',
        '55',
        NULL,
        '2020-02-03',
        NULL,
        'd9fa05',
        '',
        '',
        'Vydáno',
        '',
        'HPP',
        'active',
        '2020-02-18 03:53:57',
        '2020-02-18 03:53:57'
    ), (
        529,
        '60408',
        '60408.jpg',
        NULL,
        'Billová',
        NULL,
        NULL,
        'Kateřina',
        NULL,
        '16',
        '55',
        NULL,
        '2020-02-01',
        NULL,
        '94f700',
        NULL,
        NULL,
        'Vydáno',
        '',
        'HPP',
        'active',
        '2020-02-18 03:59:15',
        '2022-04-07 05:50:53'
    ), (
        530,
        '60107',
        '60107.jpg',
        NULL,
        'Állóová',
        NULL,
        NULL,
        'Tatiana',
        NULL,
        '8',
        '55',
        NULL,
        '2020-02-01',
        NULL,
        'd9fa05',
        NULL,
        NULL,
        'Vydáno',
        NULL,
        'HPP',
        'active',
        '2020-02-18 04:00:31',
        '2022-11-13 12:05:51'
    ), (
        531,
        '64403',
        '64403.jpg',
        NULL,
        'Vlčnovská',
        NULL,
        NULL,
        'Ivana',
        NULL,
        '28',
        '55',
        NULL,
        '2020-02-01',
        NULL,
        'ffa600',
        '',
        '',
        'Vydáno',
        '',
        'HPP',
        'active',
        '2020-02-18 04:01:30',
        '2020-03-02 08:19:03'
    ), (
        532,
        '62427',
        '62427.jpg',
        NULL,
        'Minarčíková',
        NULL,
        NULL,
        'Alexandra',
        NULL,
        '28',
        '55',
        NULL,
        '2020-02-01',
        NULL,
        'ffa600',
        '',
        '',
        'Vydáno',
        '',
        'HPP',
        'active',
        '2020-02-18 04:03:11',
        '2020-02-18 04:03:11'
    ), (
        535,
        '61812',
        '61812.jpg',
        NULL,
        'Knyblová',
        NULL,
        NULL,
        'Marie',
        NULL,
        '18',
        '11',
        NULL,
        '2020-01-02',
        NULL,
        'ffa200',
        '',
        '',
        'Vydáno',
        '',
        'HPP',
        'active',
        '2020-02-18 04:12:41',
        '2020-02-27 08:54:09'
    ), (
        537,
        '63921',
        '63921.jpg',
        NULL,
        'Šebestová',
        NULL,
        NULL,
        'Marie',
        NULL,
        '11',
        '55',
        NULL,
        '2020-02-01',
        NULL,
        '66c908',
        '',
        '',
        'Vydáno',
        '',
        'HPP',
        'active',
        '2020-02-09 21:00:00',
        '2020-03-02 08:11:57'
    ), (
        541,
        '62710',
        '62710.jpg',
        NULL,
        'Olszarová',
        NULL,
        NULL,
        'Eva',
        NULL,
        '19',
        '22',
        NULL,
        '2020-02-03',
        NULL,
        '999999',
        NULL,
        NULL,
        'Vydáno',
        '',
        'HPP',
        'active',
        '2020-02-09 21:00:00',
        '2021-03-17 11:02:19'
    ), (
        542,
        '62523',
        '62523.jpg',
        NULL,
        'Musiolková',
        NULL,
        NULL,
        'Dana',
        NULL,
        '1',
        '55',
        NULL,
        '2020-02-01',
        NULL,
        '4287f5',
        '',
        '',
        'Vydáno',
        '',
        'HPP',
        'maternal',
        '2020-02-09 21:00:00',
        '2020-03-04 05:51:33'
    ), (
        543,
        '62521',
        '62521.jpg',
        NULL,
        'Moravcová',
        NULL,
        NULL,
        'Zdeňka',
        NULL,
        '19',
        '22',
        NULL,
        '2020-02-01',
        NULL,
        '999999',
        '',
        '',
        'Vydáno',
        '',
        'HPP',
        'active',
        '2020-02-09 21:00:00',
        '2020-03-02 07:54:25'
    ), (
        545,
        '62510',
        '62510.jpg',
        NULL,
        'Moravčinská',
        NULL,
        NULL,
        'Ivana',
        NULL,
        '18',
        '18',
        'moravcinska@khn.cz',
        '2020-02-01',
        NULL,
        'ffa200',
        '361',
        '724829875',
        'Vydáno',
        '',
        'HPP',
        'active',
        '2020-02-09 21:00:00',
        '2022-06-13 02:36:08'
    ), (
        555,
        '61119',
        '61119.jpg',
        NULL,
        'Grígerová',
        NULL,
        NULL,
        'Lenka',
        NULL,
        '10',
        '3',
        'grigerova@khn.cz',
        '2020-03-02',
        NULL,
        'd9fa05',
        NULL,
        NULL,
        'Vydáno',
        '',
        'HPP',
        'active',
        '2020-03-02 06:13:57',
        '2022-06-13 03:15:56'
    ), (
        562,
        '62107',
        '62107.jpg',
        NULL,
        'Krkošková',
        NULL,
        NULL,
        'Kristina',
        NULL,
        '28',
        '55',
        NULL,
        '2020-03-02',
        NULL,
        'ffa600',
        '',
        '',
        'Vydáno',
        '',
        'HPP',
        'active',
        '2020-03-03 08:14:32',
        '2020-03-05 08:00:24'
    ), (
        563,
        '60830',
        '60830.jpg',
        'MUDr.',
        'Filuś',
        NULL,
        NULL,
        'Dominika',
        NULL,
        '28',
        '12',
        'filus@khn.cz',
        '2020-03-02',
        NULL,
        'ffa600',
        NULL,
        NULL,
        'Vydáno',
        '',
        'HPP',
        'active',
        '2020-03-03 08:15:48',
        '2022-06-13 03:15:17'
    ), (
        569,
        '62909',
        '62909.jpg',
        NULL,
        'Polačková',
        NULL,
        NULL,
        'Markéta',
        NULL,
        '15',
        '55',
        NULL,
        '2020-05-04',
        NULL,
        'c90818',
        NULL,
        NULL,
        'Vydáno',
        '',
        'HPP',
        'active',
        '2020-04-30 03:17:51',
        '2021-03-08 07:56:42'
    ), (
        571,
        '64613',
        '64613.jpg',
        NULL,
        'Zarubanová',
        NULL,
        NULL,
        'Pavlína',
        NULL,
        '8',
        '20',
        NULL,
        '2020-06-01',
        NULL,
        'd9fa05',
        '',
        '',
        'Vydáno',
        '',
        'HPP',
        'active',
        '2020-05-12 06:23:09',
        '2020-06-01 04:31:37'
    ), (
        573,
        '60715',
        '60715.jpg',
        'MUDr.',
        'Dlabaja',
        NULL,
        NULL,
        'Petr',
        NULL,
        '28',
        '12',
        'dlabaja@khn.cz',
        '2020-06-01',
        NULL,
        'ffa600',
        '145',
        '778140086',
        'Vydáno',
        '',
        'HPP',
        'active',
        '2020-06-01 04:22:49',
        '2022-07-28 12:28:30'
    ), (
        575,
        '61421',
        '61421.jpg',
        'Bc.',
        'Hájková',
        NULL,
        NULL,
        'Kateřina',
        NULL,
        '12',
        '9',
        NULL,
        '2020-07-01',
        NULL,
        '66c908',
        '',
        '',
        'Vydáno',
        '',
        'HPP',
        'active',
        '2020-06-15 08:48:42',
        '2020-07-03 02:17:31'
    ), (
        578,
        '60827',
        '60827.jpg',
        NULL,
        'Buščíková',
        NULL,
        'Gellnarová',
        'Lucie',
        NULL,
        '8',
        '55',
        NULL,
        '2020-07-01',
        NULL,
        'd9fa05',
        NULL,
        NULL,
        'Vydáno',
        '',
        'HPP',
        'active',
        '2020-06-23 07:56:10',
        '2021-08-26 08:09:59'
    ), (
        579,
        '60716',
        '60716.jpg',
        'Bc.',
        'Dlugošová',
        NULL,
        NULL,
        'Denisa',
        NULL,
        '12',
        '9',
        NULL,
        '2020-07-01',
        NULL,
        '66c908',
        '',
        '',
        'Vydáno',
        '',
        'HPP',
        'active',
        '2020-07-01 04:36:33',
        '2020-07-01 04:36:33'
    ), (
        584,
        '63925',
        '63925.jpg',
        NULL,
        'Škorvanová',
        NULL,
        NULL,
        'Jaroslava',
        NULL,
        '19',
        '22',
        NULL,
        '2020-08-03',
        NULL,
        '999999',
        NULL,
        NULL,
        'Vydáno',
        '',
        'HPP',
        'active',
        '2020-08-05 05:41:47',
        '2021-07-30 02:44:08'
    ), (
        585,
        '63108',
        '63108.jpg',
        NULL,
        'Putniorzová',
        NULL,
        NULL,
        'Dana',
        NULL,
        '19',
        '22',
        NULL,
        '2020-08-10',
        NULL,
        '999999',
        '',
        '',
        'Vydáno',
        '',
        'HPP',
        'active',
        '2020-08-13 02:23:56',
        '2020-08-13 02:23:56'
    ), (
        586,
        '63612',
        '63612.jpg',
        NULL,
        'Smolková',
        NULL,
        NULL,
        'Veronika',
        NULL,
        '6',
        '20',
        NULL,
        '2020-09-01',
        NULL,
        '7833e8',
        '212',
        '725669172',
        'Vydáno',
        '',
        'HPP',
        'active',
        '2020-08-13 02:25:41',
        '2020-09-01 02:15:15'
    ), (
        588,
        '64504',
        '64504.jpg',
        NULL,
        'Wardasová',
        NULL,
        NULL,
        'Beata',
        NULL,
        '28',
        '55',
        NULL,
        '2020-09-01',
        NULL,
        'ffa600',
        NULL,
        NULL,
        'Vydáno',
        '',
        'HPP',
        'active',
        '2020-08-31 04:40:46',
        '2021-01-27 09:57:22'
    ), (
        589,
        '64715',
        '64715.jpg',
        NULL,
        'Zientková',
        NULL,
        NULL,
        'Barbora',
        NULL,
        '6',
        '20',
        NULL,
        '2020-09-01',
        NULL,
        '7833e8',
        '',
        '',
        'Vydáno',
        '',
        'HPP',
        'active',
        '2020-09-01 02:48:16',
        '2020-10-08 07:35:18'
    ), (
        591,
        '61424',
        '61424.jpg',
        'MUDr.',
        'Hrabovská',
        NULL,
        NULL,
        'Barbora',
        NULL,
        '1',
        '12',
        'hrabovska@khn.cz',
        '2020-09-01',
        NULL,
        '4287f5',
        NULL,
        NULL,
        'Vydáno',
        '',
        'HPP',
        'active',
        '2020-09-01 05:34:47',
        '2022-06-13 03:22:35'
    ), (
        593,
        '62808',
        '62808.jpg',
        'Bc.',
        'Pechová',
        NULL,
        NULL,
        'Kristýna',
        NULL,
        '16',
        '55',
        NULL,
        '2020-09-08',
        '2021-08-06',
        'a31561',
        NULL,
        NULL,
        'Vydáno',
        '',
        'HPP',
        'active',
        '2020-09-08 09:35:51',
        '2022-02-17 06:52:29'
    ), (
        594,
        '63221',
        '63221.jpg',
        NULL,
        'Roháčová',
        NULL,
        NULL,
        'Lucie',
        NULL,
        '23',
        '36',
        NULL,
        '2020-09-16',
        NULL,
        'a31561',
        '',
        '',
        'Vydáno',
        '',
        'HPP',
        'active',
        '2020-09-08 09:37:37',
        '2020-12-17 09:26:00'
    ), (
        595,
        '62920',
        '62920.jpg',
        NULL,
        'Piotrowská',
        NULL,
        NULL,
        'Marcela',
        NULL,
        '18',
        'pracovník rozvozu',
        NULL,
        '2020-09-10',
        NULL,
        'ffa200',
        NULL,
        NULL,
        'Vydáno',
        '',
        'HPP',
        'active',
        '2020-09-23 03:25:39',
        '2021-01-26 06:03:18'
    ), (
        599,
        '63212',
        '63212.jpg',
        'Bc.',
        'Rojík',
        NULL,
        NULL,
        'Ondřej',
        NULL,
        '15',
        'radiologický asistent',
        NULL,
        '2020-10-01',
        NULL,
        'c90818',
        '',
        '',
        'Vydáno',
        '',
        'HPP',
        'active',
        '2020-09-23 04:40:04',
        '2020-10-01 04:22:45'
    ), (
        600,
        '62622',
        '62622.jpg',
        NULL,
        'Noveková',
        NULL,
        NULL,
        'Alena',
        NULL,
        '19',
        '22',
        NULL,
        '2020-09-17',
        NULL,
        '999999',
        '',
        '',
        'Vydáno',
        '',
        'HPP',
        'active',
        '2020-09-24 02:27:51',
        '2020-09-24 02:27:51'
    ), (
        602,
        '63922',
        '63922.jpg',
        NULL,
        'Škorupová',
        NULL,
        NULL,
        'Aneta',
        NULL,
        '18',
        'pracovník rozvozu',
        NULL,
        '2020-10-01',
        NULL,
        'ffa200',
        NULL,
        NULL,
        'Vydáno',
        '',
        'HPP',
        'active',
        '2020-09-29 02:33:44',
        '2021-01-26 06:03:09'
    ), (
        604,
        '63611',
        '63611.jpg',
        NULL,
        'Staniszová',
        NULL,
        NULL,
        'Monika',
        NULL,
        '19',
        '22',
        NULL,
        '2020-10-07',
        NULL,
        '999999',
        NULL,
        NULL,
        'Vydáno',
        '',
        'HPP',
        'active',
        '2020-10-07 05:14:02',
        '2021-07-30 02:43:41'
    ), (
        609,
        '60426',
        '60426.jpg',
        NULL,
        'Brdíčková',
        NULL,
        NULL,
        'Vladislava',
        NULL,
        '1',
        '20',
        NULL,
        '2020-12-01',
        NULL,
        '4287f5',
        '',
        '',
        'Vydáno',
        '',
        'HPP',
        'active',
        '2020-11-03 08:17:19',
        '2021-01-21 06:47:47'
    ), (
        610,
        '64307',
        '64307.jpg',
        'Ing.',
        'Vargová',
        NULL,
        NULL,
        'Andrea',
        NULL,
        '17',
        '58',
        'vargova@khn.cz',
        '2020-11-02',
        NULL,
        'ffee00',
        NULL,
        NULL,
        'Vydáno',
        '',
        'DPČ',
        'active',
        '2020-11-04 05:00:38',
        '2022-06-13 02:15:00'
    );

INSERT INTO
    `employees` (
        `id`,
        `personal_number`,
        `image`,
        `title_preffix`,
        `last_name`,
        `middle_name`,
        `married_name`,
        `first_name`,
        `title_suffix`,
        `department_id`,
        `job_id`,
        `email`,
        `start_date`,
        `end_date`,
        `comment`,
        `phone`,
        `mobile`,
        `id_card`,
        `coffee`,
        `employment`,
        `status`,
        `created_at`,
        `updated_at`
    )
VALUES (
        618,
        '62827',
        '62827.jpg',
        NULL,
        'Pastrňáková',
        NULL,
        NULL,
        'Pavlína',
        NULL,
        '9',
        '55',
        NULL,
        '2020-12-01',
        NULL,
        'd9fa05',
        NULL,
        NULL,
        'Vydáno',
        '',
        'HPP',
        'active',
        '2020-11-30 04:27:12',
        '2021-01-25 10:56:11'
    ), (
        619,
        '64205',
        '64205.jpg',
        NULL,
        'Uričková',
        NULL,
        NULL,
        'Petra',
        NULL,
        '30',
        '36',
        NULL,
        '2020-12-01',
        NULL,
        'ffa600',
        NULL,
        NULL,
        'Vydáno',
        '',
        'HPP',
        'active',
        '2020-11-30 04:28:06',
        '2021-08-04 04:07:38'
    ), (
        620,
        '60829',
        '60829.jpg',
        NULL,
        'Golasowská',
        NULL,
        NULL,
        'Alena',
        NULL,
        '30',
        '20',
        NULL,
        '2020-12-01',
        NULL,
        'ffa600',
        NULL,
        NULL,
        'Vydáno',
        '',
        'HPP',
        'active',
        '2020-11-30 04:28:47',
        '2021-08-04 04:08:23'
    ), (
        621,
        '62624',
        '62624.jpg',
        NULL,
        'Nováková',
        NULL,
        NULL,
        'Jana',
        NULL,
        '30',
        '36',
        NULL,
        '2020-12-01',
        NULL,
        'ffa600',
        NULL,
        NULL,
        'Vydáno',
        '',
        'HPP',
        'active',
        '2020-11-30 04:29:29',
        '2021-08-04 04:09:02'
    ), (
        622,
        '62223',
        '62223.jpg',
        NULL,
        'Lipková',
        NULL,
        NULL,
        'Růžena',
        NULL,
        '30',
        '20',
        NULL,
        '2020-12-01',
        NULL,
        'ffa600',
        NULL,
        NULL,
        'Vydáno',
        '',
        'HPP',
        'active',
        '2020-11-30 04:30:04',
        '2021-08-04 04:07:58'
    ), (
        626,
        '62130',
        '62130.jpg',
        NULL,
        'Lačná',
        NULL,
        NULL,
        'Romana',
        NULL,
        '30',
        '36',
        NULL,
        '2020-12-14',
        NULL,
        'ffa600',
        NULL,
        NULL,
        'Vydáno',
        '',
        'HPP',
        'active',
        '2020-12-14 09:38:22',
        '2021-08-04 04:04:22'
    ), (
        627,
        '62025',
        '62025.jpg',
        NULL,
        'Jursová',
        NULL,
        NULL,
        'Jana',
        NULL,
        '8',
        '36',
        NULL,
        '2020-12-14',
        NULL,
        'ffa600',
        NULL,
        NULL,
        'Vydáno',
        '',
        'HPP',
        'active',
        '2020-12-14 09:41:00',
        '2021-09-22 08:37:55'
    ), (
        628,
        '62301',
        '62301.jpg',
        NULL,
        'Madejová',
        NULL,
        NULL,
        'Jolana',
        'DiS.',
        '12',
        '9',
        NULL,
        '2021-01-01',
        NULL,
        '66c908',
        NULL,
        NULL,
        'Vydáno',
        '',
        'HPP',
        'active',
        '2020-12-15 08:22:33',
        '2022-06-13 02:58:21'
    ), (
        632,
        '60427',
        '60427.jpg',
        NULL,
        'Balogh',
        NULL,
        NULL,
        'Nikola',
        NULL,
        '3',
        '20',
        NULL,
        '2021-01-04',
        NULL,
        '4287f5',
        NULL,
        NULL,
        'Vydáno',
        '',
        'HPP',
        'active',
        '2020-12-28 08:02:42',
        '2021-09-27 05:52:50'
    ), (
        633,
        '64411',
        '64411.jpg',
        NULL,
        'Wolná',
        NULL,
        NULL,
        'Pavlína',
        NULL,
        '30',
        '20',
        NULL,
        '2021-01-04',
        NULL,
        'ffa600',
        NULL,
        NULL,
        'Vydáno',
        '',
        'HPP',
        'active',
        '2020-12-28 08:04:03',
        '2021-08-04 04:04:09'
    ), (
        635,
        '64215',
        '64215.jpg',
        NULL,
        'Vaněk',
        NULL,
        NULL,
        'Milan',
        NULL,
        '17',
        '59',
        'vanek@khn.cz',
        '2021-01-04',
        NULL,
        'ffee00',
        NULL,
        '725408873',
        'Vydáno',
        '',
        'HPP',
        'active',
        '2021-01-04 04:45:33',
        '2022-09-20 08:15:30'
    ), (
        636,
        '62026',
        '62026.jpg',
        'Mgr.',
        'Jursová',
        NULL,
        'Kukuczková',
        'Eva',
        NULL,
        '23',
        '55',
        NULL,
        '2021-01-04',
        NULL,
        'a31561',
        NULL,
        NULL,
        'Vydáno',
        '',
        'HPP',
        'active',
        '2021-01-04 08:21:24',
        '2022-10-06 02:30:01'
    ), (
        637,
        '62726',
        '62726.jpg',
        NULL,
        'Oravská',
        NULL,
        NULL,
        'Jiřina',
        NULL,
        '28',
        '20',
        NULL,
        '2021-01-04',
        NULL,
        'ffa600',
        NULL,
        NULL,
        'Vydáno',
        '',
        'HPP',
        'active',
        '2021-01-04 09:14:49',
        '2021-01-25 09:54:18'
    ), (
        640,
        '62128',
        '62128.jpg',
        NULL,
        'Loucká',
        NULL,
        NULL,
        'Dagmar',
        NULL,
        '18',
        'pracovník rozvozu',
        NULL,
        '2021-01-05',
        NULL,
        'ffa200',
        '',
        '',
        'Vydáno',
        '',
        'HPP',
        'active',
        '2021-01-04 09:23:33',
        '2021-01-20 11:55:46'
    ), (
        642,
        '62111',
        '62111.jpg',
        'MUDr.',
        'Kryvoruchko',
        NULL,
        NULL,
        'Stanislav',
        NULL,
        '11',
        '12',
        'kryvoruchko@khn.cz',
        '2021-02-01',
        NULL,
        '66c908',
        NULL,
        '777909546',
        'Vydáno',
        '',
        'HPP',
        'active',
        '2021-01-29 04:28:45',
        '2022-09-20 08:15:55'
    ), (
        643,
        '63216',
        '63216.jpg',
        'Bc.',
        'Romaňoková',
        NULL,
        NULL,
        'Monika',
        NULL,
        '9',
        '20',
        NULL,
        '2021-02-01',
        NULL,
        'd9fa05',
        NULL,
        NULL,
        'Vydáno',
        '',
        'HPP',
        'active',
        '2021-01-29 06:12:39',
        '2021-11-08 09:04:45'
    ), (
        649,
        '60717',
        '60717.jpg',
        NULL,
        'Danyśová',
        NULL,
        NULL,
        'Nikola',
        NULL,
        '5',
        'praktická sestra',
        NULL,
        '2021-03-01',
        NULL,
        '4287f5',
        NULL,
        NULL,
        'Vydáno',
        '',
        'HPP',
        'active',
        '2021-03-01 04:38:27',
        '2021-03-02 06:41:38'
    ), (
        651,
        '62028',
        '62028.jpg',
        NULL,
        'Chmielová',
        NULL,
        NULL,
        'Petra',
        NULL,
        '28',
        '36',
        NULL,
        '2021-03-01',
        NULL,
        '222222',
        NULL,
        NULL,
        'Vydáno',
        '',
        'HPP',
        'active',
        '2021-03-02 06:43:26',
        '2021-03-04 05:51:28'
    ), (
        652,
        '60429',
        '60429.jpg',
        NULL,
        'Buříková',
        NULL,
        NULL,
        'Barbora',
        NULL,
        '28',
        '55',
        NULL,
        '2021-03-01',
        NULL,
        '222222',
        NULL,
        NULL,
        'Vydáno',
        '',
        'HPP',
        'active',
        '2021-03-02 06:53:33',
        '2021-03-02 08:05:03'
    ), (
        653,
        '62027',
        '62027.jpg',
        NULL,
        'Jadrníčková',
        NULL,
        NULL,
        'Markéta',
        NULL,
        '28',
        'praktická sestra',
        NULL,
        '2021-03-01',
        NULL,
        '222222',
        NULL,
        NULL,
        'Vydáno',
        '',
        'HPP',
        'active',
        '2021-03-02 07:00:00',
        '2021-03-02 08:05:13'
    ), (
        655,
        '62327',
        '62327.jpg',
        NULL,
        'Matoušková',
        NULL,
        NULL,
        'Urszula',
        NULL,
        '3',
        'praktická sestra',
        NULL,
        '2021-03-03',
        NULL,
        '222222',
        NULL,
        NULL,
        'Vydáno',
        '',
        'HPP',
        'active',
        '2021-03-03 11:55:02',
        '2022-05-03 04:00:40'
    ), (
        657,
        '62104',
        '62104.jpg',
        NULL,
        'Koždoňová',
        NULL,
        NULL,
        'Kateřina',
        NULL,
        '10',
        'praktická sestra',
        NULL,
        '2021-03-25',
        NULL,
        '222222',
        NULL,
        NULL,
        'Vydáno',
        '',
        'HPP',
        'active',
        '2021-03-25 06:45:31',
        '2021-04-01 03:12:36'
    ), (
        662,
        '60505',
        '60505.jpg',
        NULL,
        'Carbolová',
        NULL,
        NULL,
        'Alena',
        NULL,
        '20',
        '55',
        NULL,
        '2021-04-01',
        NULL,
        '222222',
        NULL,
        NULL,
        'Vydáno',
        '',
        'HPP',
        'active',
        '2021-04-01 09:41:24',
        '2022-01-06 05:07:29'
    ), (
        663,
        '62029',
        'no_image.png',
        NULL,
        'Klimková',
        NULL,
        NULL,
        'Beata',
        NULL,
        '18',
        '18',
        NULL,
        '2021-04-01',
        NULL,
        NULL,
        NULL,
        '724553793',
        'Vydáno',
        NULL,
        'HPP',
        'active',
        '2021-04-06 04:27:01',
        '2022-11-12 15:28:01'
    ), (
        665,
        '62724',
        '62724.jpg',
        NULL,
        'Ondrušová',
        NULL,
        NULL,
        'Lenka',
        NULL,
        '19',
        '22',
        NULL,
        '2021-04-06',
        NULL,
        '222222',
        NULL,
        NULL,
        'Vydáno',
        '',
        'HPP',
        'active',
        '2021-04-06 07:57:23',
        '2021-04-06 07:57:23'
    ), (
        666,
        '60802',
        '60802.jpg',
        NULL,
        'Dzurec',
        NULL,
        NULL,
        'Petr',
        NULL,
        '18',
        '11',
        NULL,
        '2021-04-01',
        NULL,
        '222222',
        NULL,
        NULL,
        'Vydáno',
        '',
        'HPP',
        'active',
        '2021-04-08 02:33:18',
        '2022-02-22 06:06:49'
    ), (
        672,
        '60120',
        '60120.jpg',
        NULL,
        'Baranová',
        NULL,
        NULL,
        'Monika',
        NULL,
        '30',
        '36',
        NULL,
        '2021-05-03',
        NULL,
        '222222',
        NULL,
        NULL,
        'Vydáno',
        '',
        'HPP',
        'active',
        '2021-05-03 05:18:22',
        '2021-08-04 04:10:42'
    ), (
        673,
        '60805',
        '60805.jpg',
        'Mgr.',
        'Ely',
        NULL,
        NULL,
        'Marcela',
        NULL,
        '6',
        '55',
        NULL,
        '2021-05-03',
        NULL,
        '222222',
        NULL,
        NULL,
        'Vydáno',
        '',
        'HPP',
        'active',
        '2021-05-03 05:56:48',
        '2021-05-10 08:23:50'
    ), (
        674,
        '62531',
        '62531.jpg',
        NULL,
        'Motyka',
        NULL,
        NULL,
        'Roman',
        NULL,
        '25',
        'pracovník údržby - zámečník',
        NULL,
        '2021-05-10',
        NULL,
        '222222',
        NULL,
        '739139409',
        'Vydáno',
        '',
        'HPP',
        'active',
        '2021-05-10 03:54:11',
        '2022-09-21 02:12:10'
    ), (
        677,
        '63406',
        '63406.jpg',
        NULL,
        'Slížová',
        NULL,
        NULL,
        'Lenka',
        NULL,
        '28',
        '36',
        NULL,
        '2021-05-17',
        NULL,
        '222222',
        NULL,
        NULL,
        'Vydáno',
        '',
        'HPP',
        'active',
        '2021-05-17 04:09:10',
        '2021-05-17 08:41:57'
    ), (
        680,
        '60630',
        '60630.jpg',
        NULL,
        'Cieslarová',
        NULL,
        NULL,
        'Kateřina',
        NULL,
        '20',
        '55',
        NULL,
        '2021-06-01',
        NULL,
        '222222',
        NULL,
        NULL,
        'Vydáno',
        '',
        'HPP',
        'active',
        '2021-06-01 04:32:09',
        '2021-06-01 04:32:09'
    ), (
        681,
        '63304',
        '63304.jpg',
        NULL,
        'Rosová',
        NULL,
        NULL,
        'Alena',
        NULL,
        '9',
        '55',
        NULL,
        '2021-06-01',
        NULL,
        '222222',
        NULL,
        NULL,
        'Vydáno',
        '',
        'HPP',
        'active',
        '2021-06-01 04:40:11',
        '2021-06-28 03:23:20'
    ), (
        682,
        '61431',
        '61431.jpg',
        NULL,
        'Ihazová',
        NULL,
        NULL,
        'Zuzana',
        NULL,
        '30',
        '36',
        NULL,
        '2021-06-01',
        NULL,
        '222222',
        NULL,
        NULL,
        'Vydáno',
        '',
        'HPP',
        'active',
        '2021-06-01 05:19:48',
        '2021-08-04 04:11:19'
    ), (
        683,
        '61331',
        '61331.jpg',
        NULL,
        'Chrysostomidu',
        NULL,
        NULL,
        'Katarína',
        NULL,
        '17',
        '3',
        'chrysostomidu@khn.cz',
        '2021-06-01',
        NULL,
        '222222',
        '315',
        NULL,
        'Vydáno',
        '',
        'HPP',
        'active',
        '2021-06-01 05:40:28',
        '2022-09-23 05:02:43'
    ), (
        684,
        '63201',
        '63201.jpg',
        'MUDr.',
        'Rievaj',
        NULL,
        NULL,
        'Radek',
        NULL,
        '6',
        '12',
        NULL,
        '2022-08-01',
        NULL,
        '222222',
        NULL,
        NULL,
        'Vydáno',
        '',
        'HPP',
        'active',
        '2021-06-02 05:24:32',
        '2022-08-01 08:08:17'
    ), (
        685,
        '63404',
        '63404.jpg',
        NULL,
        'Semrádová',
        NULL,
        NULL,
        'Jana',
        'DiS.',
        '16',
        '55',
        NULL,
        '2021-06-07',
        NULL,
        '222222',
        NULL,
        NULL,
        'Vydáno',
        '',
        'DPP',
        'active',
        '2021-06-07 06:53:10',
        '2022-01-06 05:07:45'
    ), (
        686,
        '63926',
        '63926.jpg',
        NULL,
        'Šprinclová',
        NULL,
        NULL,
        'Marie',
        NULL,
        '19',
        '22',
        NULL,
        '2021-06-07',
        NULL,
        '222222',
        NULL,
        NULL,
        'Vydáno',
        '',
        'HPP',
        'active',
        '2021-06-07 07:00:42',
        '2021-06-07 07:00:42'
    ), (
        687,
        '60629',
        '60629.jpg',
        NULL,
        'Čempelová',
        NULL,
        NULL,
        'Jana',
        NULL,
        '11',
        '55',
        NULL,
        '2021-06-14',
        NULL,
        '222222',
        NULL,
        NULL,
        'Vydáno',
        '',
        'HPP',
        'active',
        '2021-06-14 04:41:32',
        '2021-06-14 04:41:32'
    ), (
        688,
        '61508',
        '61508.jpg',
        NULL,
        'Zöldová',
        NULL,
        NULL,
        'Marcela',
        NULL,
        '16',
        '20',
        NULL,
        '2021-06-14',
        NULL,
        '222222',
        NULL,
        NULL,
        'Vydáno',
        '',
        'HPP',
        'active',
        '2021-06-14 09:02:17',
        '2022-01-06 05:11:44'
    ), (
        695,
        '61432',
        '61432.jpg',
        'MUDr.',
        'Jakubovičová',
        NULL,
        NULL,
        'Eva',
        NULL,
        '1',
        '12',
        'jakubovicova@khn.cz',
        '2021-06-01',
        NULL,
        '222222',
        NULL,
        NULL,
        'Vydáno',
        '',
        'HPP',
        'active',
        '2021-06-29 08:51:20',
        '2022-06-24 05:24:16'
    ), (
        696,
        '63403',
        '63403.jpg',
        'MUDr.',
        'Samiec',
        NULL,
        NULL,
        'Jan',
        NULL,
        '4',
        '12',
        'samiec@khn.cz',
        '2021-06-01',
        NULL,
        '222222',
        NULL,
        NULL,
        'Vydáno',
        '',
        'HPP',
        'active',
        '2021-06-29 08:53:57',
        '2022-06-24 05:19:16'
    ), (
        701,
        '64534',
        '64534.jpg',
        NULL,
        'Weissgärberová',
        NULL,
        NULL,
        'Jana',
        NULL,
        '30',
        '20',
        NULL,
        '2021-07-01',
        NULL,
        'ffa633',
        NULL,
        NULL,
        'Vydáno',
        '',
        'HPP',
        'active',
        '2021-07-02 06:14:48',
        '2021-11-08 09:04:00'
    ), (
        702,
        '62630',
        '62630.jpg',
        NULL,
        'Makúchová',
        NULL,
        NULL,
        'Magdaléna',
        NULL,
        '30',
        '36',
        NULL,
        '2021-07-01',
        NULL,
        'ffa633',
        NULL,
        NULL,
        'Vydáno',
        '',
        'HPP',
        'active',
        '2021-07-02 06:35:36',
        '2021-11-08 09:04:25'
    ), (
        703,
        '62907',
        '62907.jpg',
        NULL,
        'Kučerová',
        NULL,
        NULL,
        'Nela',
        NULL,
        '30',
        'praktická sestra',
        NULL,
        '2021-07-01',
        NULL,
        '222222',
        NULL,
        NULL,
        'Vydáno',
        '',
        'HPP',
        'active',
        '2021-07-02 07:01:53',
        '2022-05-16 09:51:55'
    ), (
        704,
        '64007',
        '64007.jpg',
        NULL,
        'Tabaková',
        NULL,
        NULL,
        'Jitka',
        NULL,
        '18',
        'pracovník rozvozu',
        NULL,
        '2021-06-21',
        NULL,
        '222222',
        NULL,
        NULL,
        'Vydáno',
        '',
        'HPP',
        'active',
        '2021-07-07 03:35:37',
        '2021-07-07 03:36:07'
    ), (
        707,
        '64732',
        'no_image.png',
        'MUDr.',
        'Znišťalová',
        NULL,
        NULL,
        'Lenka',
        NULL,
        '6',
        '12',
        NULL,
        '2021-07-17',
        NULL,
        '7833e8',
        NULL,
        NULL,
        'Vytvořit nálepku',
        NULL,
        'HPP',
        'active',
        '2021-07-15 06:55:12',
        '2022-11-12 20:17:29'
    ), (
        708,
        '61594',
        '61594.jpg',
        'Mgr.',
        'Kaczyńska',
        NULL,
        NULL,
        'Katarzyna',
        NULL,
        '30',
        '36',
        NULL,
        '2021-07-21',
        NULL,
        'ffa633',
        NULL,
        NULL,
        'Vydáno',
        '',
        'HPP',
        'active',
        '2021-07-21 06:32:34',
        '2021-08-04 04:09:48'
    ), (
        709,
        '60331',
        '60331.jpg',
        'MUDr.',
        'Brablcová',
        NULL,
        NULL,
        'Hana',
        NULL,
        '11',
        '12',
        'brablcova@khn.cz',
        '2021-08-01',
        NULL,
        '222222',
        NULL,
        NULL,
        'Vydáno',
        '',
        'HPP',
        'active',
        '2021-08-02 04:07:59',
        '2022-06-13 02:52:17'
    ), (
        712,
        '60698',
        '60698.jpg',
        NULL,
        'Czechowská',
        NULL,
        NULL,
        'Lucie',
        NULL,
        '19',
        '22',
        NULL,
        '2021-09-01',
        NULL,
        '999999',
        NULL,
        NULL,
        'Vydáno',
        '',
        'HPP',
        'active',
        '2021-09-01 03:16:17',
        '2021-09-20 08:42:06'
    ), (
        714,
        '62091',
        '62091.jpg',
        NULL,
        'Kulhánková',
        NULL,
        NULL,
        'Pavlína',
        NULL,
        '9',
        '55',
        NULL,
        '2021-09-01',
        NULL,
        'd9fa05',
        NULL,
        NULL,
        'Vydáno',
        '',
        'HPP',
        'active',
        '2021-09-13 02:19:12',
        '2021-11-08 07:47:22'
    ), (
        715,
        '63731',
        '63731.jpg',
        NULL,
        'Svrčinová',
        NULL,
        NULL,
        'Zuzana',
        NULL,
        '28',
        '36',
        NULL,
        '2021-09-01',
        NULL,
        'ffa600',
        NULL,
        NULL,
        'Vydáno',
        '',
        'HPP',
        'active',
        '2021-09-13 02:20:27',
        '2021-11-08 07:48:10'
    ), (
        716,
        '60335',
        '60335.jpg',
        NULL,
        'Byrtusová',
        NULL,
        NULL,
        'Markéta',
        NULL,
        '3',
        'praktická sestra',
        NULL,
        '2021-09-08',
        NULL,
        '4287f5',
        NULL,
        NULL,
        'Vydáno',
        '',
        'HPP',
        'maternal',
        '2021-09-13 02:23:30',
        '2022-07-12 05:00:15'
    ), (
        717,
        '62831',
        '62831.png',
        NULL,
        'Pastrňáková',
        NULL,
        NULL,
        'Beata',
        NULL,
        '10',
        '55',
        NULL,
        '2021-09-13',
        NULL,
        'ffa600',
        NULL,
        NULL,
        'Vydáno',
        '',
        'HPP',
        'active',
        '2021-09-13 02:28:27',
        '2021-10-11 08:15:57'
    ), (
        718,
        '60513',
        '60513.jpg',
        NULL,
        'Cerulová',
        NULL,
        NULL,
        'Monika',
        NULL,
        '19',
        '22',
        NULL,
        '2021-09-15',
        NULL,
        '222222',
        NULL,
        NULL,
        'Vydáno',
        '',
        'HPP',
        'active',
        '2021-09-15 04:17:13',
        '2022-06-10 06:07:56'
    ), (
        720,
        '63903',
        '63903.jpg',
        'Mgr.',
        'Štípková',
        NULL,
        NULL,
        'Blanka',
        NULL,
        '31',
        '31',
        NULL,
        '2021-09-01',
        NULL,
        '222222',
        NULL,
        NULL,
        'Vydáno',
        '',
        'HPP',
        'active',
        '2021-09-16 08:54:52',
        '2021-09-24 08:02:13'
    ), (
        721,
        '60699',
        '60699.jpg',
        'Mgr.',
        'Čermáková',
        NULL,
        NULL,
        'Kristýna',
        NULL,
        '31',
        '31',
        NULL,
        '2021-09-01',
        NULL,
        '222222',
        NULL,
        NULL,
        'Vydáno',
        '',
        'HPP',
        'active',
        '2021-09-16 08:59:41',
        '2021-10-11 05:42:29'
    ), (
        722,
        '62116',
        '62116.jpg',
        NULL,
        'Kumorková',
        NULL,
        NULL,
        'Marie',
        NULL,
        '31',
        '31',
        NULL,
        '2021-09-01',
        NULL,
        '222222',
        NULL,
        NULL,
        'Vydáno',
        '',
        'HPP',
        'active',
        '2021-09-16 09:03:43',
        '2021-09-24 08:02:50'
    ), (
        723,
        '63431',
        '63431.jpg',
        NULL,
        'Schönwälderová',
        NULL,
        NULL,
        'Kateřina',
        NULL,
        '19',
        '22',
        NULL,
        '2021-09-21',
        NULL,
        '222222',
        NULL,
        NULL,
        'Vydáno',
        '',
        'HPP',
        'active',
        '2021-09-21 04:40:46',
        '2022-06-08 09:55:07'
    ), (
        724,
        '64803',
        '64803.jpg',
        'Bc.',
        'Závěšická',
        NULL,
        NULL,
        'Lucie',
        NULL,
        '1',
        '55',
        NULL,
        '2021-09-01',
        NULL,
        '222222',
        NULL,
        NULL,
        'Vydáno',
        '',
        'HPP',
        'active',
        '2021-09-22 05:33:05',
        '2021-09-27 05:55:50'
    ), (
        725,
        '61133',
        '61133.jpg',
        'Bc.',
        'Herčíková',
        NULL,
        NULL,
        'Lucie',
        'DiS.',
        '11',
        '55',
        NULL,
        '2021-10-01',
        NULL,
        '222222',
        NULL,
        NULL,
        'Vydáno',
        '',
        'HPP',
        'active',
        '2021-10-01 04:39:49',
        '2021-10-01 04:39:49'
    ), (
        726,
        '62115',
        '62115.jpg',
        NULL,
        'Kuklínková',
        NULL,
        NULL,
        'Šárka',
        NULL,
        '28',
        '36',
        NULL,
        '2021-10-01',
        NULL,
        '222222',
        NULL,
        NULL,
        'Vydáno',
        '',
        'HPP',
        'active',
        '2021-10-01 04:42:05',
        '2021-10-01 04:42:05'
    ), (
        727,
        '63116',
        '63116.jpg',
        NULL,
        'Radovičová',
        NULL,
        NULL,
        'Lenka',
        NULL,
        '19',
        '22',
        NULL,
        '2021-10-04',
        NULL,
        '222222',
        NULL,
        NULL,
        'Vydáno',
        '',
        'HPP',
        'active',
        '2021-10-04 06:54:32',
        '2021-10-05 09:44:34'
    ), (
        728,
        '60831',
        '60831.jpg',
        NULL,
        'Folwarczná',
        NULL,
        NULL,
        'Edyta',
        NULL,
        '6',
        '55',
        NULL,
        '2021-10-01',
        NULL,
        '222222',
        NULL,
        NULL,
        'Vydáno',
        '',
        'HPP',
        'active',
        '2021-10-04 08:16:05',
        '2021-11-08 09:03:11'
    ), (
        730,
        '64227',
        '64227.jpg',
        NULL,
        'Veselá',
        NULL,
        NULL,
        'Sabina',
        NULL,
        '31',
        '31',
        NULL,
        '2021-09-01',
        NULL,
        '222222',
        NULL,
        NULL,
        'Vydáno',
        '',
        'HPP',
        'active',
        '2021-10-06 05:10:50',
        '2022-02-17 05:47:40'
    ), (
        732,
        '64834',
        '64834.jpg',
        'MUDr.',
        'Zvaríková',
        NULL,
        NULL,
        'Mariola',
        NULL,
        '9',
        '12',
        NULL,
        '2021-10-01',
        NULL,
        '222222',
        NULL,
        NULL,
        'Vydáno',
        NULL,
        'HPP',
        'active',
        '2021-10-07 05:22:30',
        '2022-11-12 20:45:36'
    ), (
        733,
        '63633',
        '63633.jpg',
        NULL,
        'Soliková',
        NULL,
        NULL,
        'Jarmila',
        NULL,
        '19',
        '22',
        NULL,
        '2021-10-11',
        NULL,
        '222222',
        NULL,
        NULL,
        'Vydáno',
        '',
        'HPP',
        'active',
        '2021-10-11 04:52:57',
        '2021-10-13 08:41:42'
    ), (
        734,
        '63632',
        'no_image.png',
        'MUDr.',
        'Urbančíková Stará',
        NULL,
        NULL,
        'Kamila',
        NULL,
        '1',
        '12',
        NULL,
        '2021-10-11',
        NULL,
        '222222',
        NULL,
        NULL,
        'Vydáno',
        NULL,
        'HPP',
        'active',
        '2021-10-11 05:07:58',
        '2022-11-12 20:18:15'
    ), (
        735,
        '63414',
        '63414.jpg',
        NULL,
        'Sikorová',
        NULL,
        NULL,
        'Radomíra',
        NULL,
        '31',
        '31',
        NULL,
        '2021-09-01',
        NULL,
        '222222',
        NULL,
        NULL,
        'Vydáno',
        '',
        'HPP',
        'active',
        '2021-10-12 06:57:15',
        '2021-11-08 09:05:14'
    ), (
        739,
        '63220',
        'no_image.png',
        'MUDr.',
        'Rojíčková',
        NULL,
        NULL,
        'Jolana',
        NULL,
        '6',
        '12',
        NULL,
        '2021-11-01',
        NULL,
        'Kráva',
        '122',
        NULL,
        'Aktual. nálepku',
        NULL,
        'DPP',
        'active',
        '2021-11-08 06:28:15',
        '2022-11-12 20:18:27'
    ), (
        740,
        '62120',
        '62120.jpg',
        NULL,
        'Kondáš',
        NULL,
        NULL,
        'Ján',
        NULL,
        '16',
        'ošetřovatel',
        NULL,
        '2021-11-01',
        NULL,
        '222222',
        NULL,
        NULL,
        'Vydáno',
        '',
        'HPP',
        'active',
        '2021-11-08 06:36:08',
        '2021-11-08 06:36:08'
    ), (
        741,
        '62389',
        '62389.jpg',
        NULL,
        'Malyszová',
        NULL,
        NULL,
        'Edita',
        NULL,
        '11',
        '55',
        NULL,
        '2021-11-01',
        NULL,
        '222222',
        NULL,
        NULL,
        'Vydáno',
        '',
        'HPP',
        'active',
        '2021-11-08 06:40:05',
        '2021-11-08 06:40:05'
    ), (
        743,
        '62225',
        '62225.jpg',
        NULL,
        'Lipusová',
        NULL,
        NULL,
        'Nikol',
        NULL,
        '11',
        'praktická sestra',
        NULL,
        '2021-12-06',
        NULL,
        '66c908',
        NULL,
        NULL,
        'Vydáno',
        '',
        'HPP',
        'active',
        '2021-12-09 04:51:41',
        '2021-12-23 05:03:39'
    ), (
        744,
        '62073',
        '62073.jpg',
        'Bc.',
        'Karasová',
        NULL,
        NULL,
        'Jana',
        NULL,
        '17',
        '64',
        'karasova@khn.cz',
        '2021-12-01',
        NULL,
        'ffee00',
        NULL,
        '725669181',
        'Vydáno',
        '',
        'HPP',
        'active',
        '2021-12-09 09:01:16',
        '2022-09-20 09:48:39'
    ), (
        745,
        '64004',
        '64004.jpg',
        NULL,
        'Tichá',
        NULL,
        NULL,
        'Iveta',
        NULL,
        '9',
        '36',
        NULL,
        '2021-12-01',
        NULL,
        'd9fa05',
        NULL,
        NULL,
        'Vydáno',
        '',
        'HPP',
        'active',
        '2021-12-10 07:18:26',
        '2022-01-05 11:09:20'
    ), (
        746,
        '63215',
        '63215.jpg',
        NULL,
        'Rohalová',
        NULL,
        NULL,
        'Lenka',
        NULL,
        '7',
        '55',
        NULL,
        '2021-12-01',
        NULL,
        '222222',
        NULL,
        NULL,
        'Vydáno',
        '',
        'HPP',
        'active',
        '2021-12-21 07:47:41',
        '2022-01-28 10:29:32'
    ), (
        747,
        '61334',
        '61334.jpg',
        NULL,
        'Huňařová',
        NULL,
        NULL,
        'Lada',
        NULL,
        '17',
        '3',
        'hunarova@khn.cz',
        '2022-01-03',
        NULL,
        '222222',
        NULL,
        NULL,
        'Vydáno',
        '',
        'HPP',
        'active',
        '2022-01-03 06:29:22',
        '2022-06-13 05:01:54'
    ), (
        748,
        '63432',
        '63432.jpg',
        'Bc.',
        'Spurná',
        NULL,
        NULL,
        'Pavlína',
        NULL,
        '13',
        '55',
        NULL,
        '2022-01-03',
        NULL,
        '222222',
        NULL,
        NULL,
        'Vydáno',
        '',
        'HPP',
        'active',
        '2022-01-04 06:22:16',
        '2022-01-04 06:22:16'
    ), (
        749,
        '61528',
        '61528.jpg',
        NULL,
        'Nesét',
        NULL,
        NULL,
        'Gabriela',
        NULL,
        '23',
        '55',
        NULL,
        '2022-01-01',
        NULL,
        '222222',
        NULL,
        NULL,
        'Vydáno',
        '',
        'HPP',
        'active',
        '2022-01-04 07:48:47',
        '2022-02-24 06:52:31'
    ), (
        750,
        '63122',
        '63122.jpg',
        NULL,
        'Raszyková Kántorová',
        'Kántorová',
        NULL,
        'Monika',
        NULL,
        '1',
        '36',
        NULL,
        '2022-01-06',
        NULL,
        '222222',
        NULL,
        NULL,
        'Vydáno',
        '',
        'HPP',
        'active',
        '2022-01-07 04:17:13',
        '2022-01-07 09:55:30'
    ), (
        751,
        '60474',
        '60474.jpg',
        NULL,
        'Byrtus',
        NULL,
        NULL,
        'Matyáš',
        NULL,
        '1',
        'praktická sestra',
        NULL,
        '2022-01-17',
        NULL,
        '222222',
        NULL,
        NULL,
        'Vydáno',
        '',
        'HPP',
        'active',
        '2022-01-17 09:04:35',
        '2022-01-17 09:20:12'
    ), (
        752,
        '60824',
        '60824.jpg',
        'MUDr.',
        'Hanzlíková',
        NULL,
        NULL,
        'Katarzyna',
        NULL,
        '30',
        '12',
        'hanzlikova@khn.cz',
        '2022-02-01',
        NULL,
        '222222',
        NULL,
        NULL,
        'Vydáno',
        '',
        'HPP',
        'active',
        '2022-02-01 04:35:32',
        '2022-06-13 03:16:59'
    ), (
        753,
        '63931',
        '63931.jpg',
        'PharmDr.',
        'Švehlová',
        NULL,
        NULL,
        'Eva',
        NULL,
        '22',
        '6',
        NULL,
        '2022-02-01',
        NULL,
        '222222',
        NULL,
        '739545625',
        'Vydáno',
        '',
        'HPP',
        'active',
        '2022-02-01 06:12:16',
        '2022-09-21 02:21:58'
    ), (
        754,
        '64535',
        '64535.jpg',
        NULL,
        'Wojnarová',
        NULL,
        NULL,
        'Petra',
        NULL,
        '1',
        '20',
        NULL,
        '2022-02-01',
        NULL,
        '222222',
        NULL,
        NULL,
        'Vydáno',
        '',
        'HPP',
        'active',
        '2022-02-01 09:10:19',
        '2022-03-16 11:39:34'
    ), (
        757,
        '62816',
        '62931.jpg',
        'Bc.',
        'Pečonka',
        NULL,
        NULL,
        'Jan',
        NULL,
        '31',
        'učitel',
        NULL,
        '2022-09-01',
        NULL,
        '222222',
        NULL,
        NULL,
        'Vydáno',
        '',
        'DPČ',
        'active',
        '2022-02-03 05:47:00',
        '2022-10-25 06:54:07'
    ), (
        760,
        '62800',
        '62800.jpg',
        NULL,
        'Pacíková',
        NULL,
        NULL,
        'Urszula',
        NULL,
        '30',
        '55',
        NULL,
        '2022-02-14',
        NULL,
        '222222',
        NULL,
        NULL,
        'Vydáno',
        '',
        'HPP',
        'active',
        '2022-02-15 08:06:48',
        '2022-02-15 08:06:48'
    ), (
        761,
        '62534',
        '62534.jpg',
        'Bc.',
        'Mrakwiová',
        NULL,
        NULL,
        'Tereza',
        NULL,
        '12',
        '5',
        NULL,
        '2022-03-01',
        NULL,
        '222222',
        NULL,
        NULL,
        'Vydáno',
        '',
        'HPP',
        'active',
        '2022-03-01 06:11:26',
        '2022-03-01 06:11:26'
    ), (
        762,
        '64508',
        '64508.jpg',
        NULL,
        'Weberová',
        NULL,
        NULL,
        'Žaneta',
        NULL,
        '17',
        '56',
        'weberova@khn.cz',
        '2022-03-01',
        NULL,
        '222222',
        NULL,
        NULL,
        'Vydáno',
        '',
        'HPP',
        'active',
        '2022-03-01 06:25:38',
        '2022-06-13 02:10:59'
    ), (
        763,
        '62231',
        '62231.jpg',
        NULL,
        'Lukaštíková',
        NULL,
        NULL,
        'Lenka',
        NULL,
        '6',
        '20',
        NULL,
        '2022-03-01',
        NULL,
        '222222',
        NULL,
        NULL,
        'Vydáno',
        '',
        'HPP',
        'active',
        '2022-03-01 07:04:50',
        '2022-03-01 07:05:34'
    ), (
        765,
        '63402',
        '63402.jpg',
        NULL,
        'Sekaninová',
        NULL,
        NULL,
        'Anna',
        NULL,
        '17',
        'nezadáno',
        'sekaninova@khn.cz',
        '2022-03-01',
        NULL,
        '222222',
        '420',
        NULL,
        'Vydáno',
        '',
        'HPP',
        'active',
        '2022-03-07 06:57:58',
        '2022-09-22 05:21:41'
    ), (
        767,
        '62932',
        '62932.jpg',
        NULL,
        'Přikrylová',
        NULL,
        NULL,
        'Petra',
        NULL,
        '1',
        'praktická sestra',
        NULL,
        '2022-03-03',
        NULL,
        '222222',
        NULL,
        NULL,
        'Vydáno',
        '',
        'DPP',
        'active',
        '2022-03-11 10:01:27',
        '2022-06-13 03:07:50'
    ), (
        768,
        '60631',
        '60631.jpg',
        NULL,
        'Čechmánková',
        NULL,
        NULL,
        'Karin',
        NULL,
        '18',
        '11',
        NULL,
        '2022-03-07',
        NULL,
        '222222',
        NULL,
        NULL,
        'Vydáno',
        NULL,
        'HPP',
        'active',
        '2022-03-15 09:49:17',
        '2022-11-13 14:35:08'
    ), (
        769,
        '62074',
        '62074.jpg',
        'Mgr.',
        'Kawková',
        NULL,
        NULL,
        'Šárka',
        NULL,
        '13',
        '55',
        NULL,
        '2022-04-01',
        NULL,
        '222222',
        NULL,
        NULL,
        'Vydáno',
        NULL,
        'HPP',
        'active',
        '2022-04-01 04:00:15',
        '2022-11-13 15:08:43'
    ), (
        770,
        '62228',
        '62228.jpg',
        NULL,
        'Linková',
        NULL,
        NULL,
        'Alena',
        NULL,
        '30',
        '36',
        NULL,
        '2022-04-01',
        NULL,
        '222222',
        NULL,
        NULL,
        'Vydáno',
        NULL,
        'HPP',
        'active',
        '2022-04-01 08:17:44',
        '2022-11-13 15:12:53'
    ), (
        771,
        '63932',
        '63932.jpg',
        NULL,
        'Štolba',
        NULL,
        NULL,
        'Barbora',
        NULL,
        '23',
        '55',
        NULL,
        '2022-04-01',
        NULL,
        '222222',
        NULL,
        NULL,
        'Vydáno',
        NULL,
        'HPP',
        'active',
        '2022-04-01 09:51:12',
        '2022-11-13 15:13:10'
    ), (
        772,
        '62632',
        '62632.jpg',
        NULL,
        'Němcová',
        NULL,
        NULL,
        'Jana',
        NULL,
        '30',
        '36',
        NULL,
        '2022-04-04',
        NULL,
        '222222',
        NULL,
        NULL,
        'Vydáno',
        '',
        'HPP',
        'active',
        '2022-04-04 05:42:18',
        '2022-04-04 05:42:18'
    ), (
        773,
        '64207',
        '64207.jpg',
        NULL,
        'Udod',
        NULL,
        NULL,
        'Svitlana',
        NULL,
        '1',
        'praktická sestra',
        NULL,
        '2022-04-01',
        NULL,
        '222222',
        NULL,
        NULL,
        'Vydáno',
        '',
        'HPP',
        'active',
        '2022-04-05 08:28:16',
        '2022-09-05 03:33:00'
    ), (
        774,
        '62535',
        '62535.jpg',
        'Bc.',
        'Michalcová',
        NULL,
        NULL,
        'Naděžda',
        NULL,
        '24',
        'recepční',
        NULL,
        '2022-04-06',
        NULL,
        '222222',
        NULL,
        NULL,
        'Vydáno',
        '',
        'HPP',
        'active',
        '2022-04-06 06:20:59',
        '2022-04-19 02:55:05'
    ), (
        775,
        '63924',
        '63924.jpg',
        NULL,
        'Šišma',
        NULL,
        NULL,
        'Radim',
        NULL,
        '1',
        'praktická sestra',
        NULL,
        '2022-04-25',
        NULL,
        '222222',
        NULL,
        NULL,
        'Vydáno',
        '',
        'HPP',
        'active',
        '2022-04-25 07:40:54',
        '2022-06-13 03:05:51'
    ), (
        776,
        '60431',
        '60431.jpg',
        'Ing.',
        'Bujoková',
        NULL,
        NULL,
        'Markéta',
        NULL,
        '17',
        '8',
        'bujokova@khn.cz',
        '2022-05-02',
        NULL,
        '222222',
        NULL,
        NULL,
        'Vydáno',
        '',
        'HPP',
        'active',
        '2022-05-02 04:29:03',
        '2022-07-08 04:02:19'
    ), (
        777,
        '63606',
        '63606.jpg',
        NULL,
        'Sigmund',
        NULL,
        NULL,
        'Michal',
        NULL,
        '17',
        '59',
        'sigmund@khn.cz',
        '2022-05-02',
        NULL,
        '222222',
        '371',
        '724767247',
        'Vydáno',
        '',
        'HPP',
        'active',
        '2022-05-02 04:33:34',
        '2022-08-02 08:41:17'
    ), (
        778,
        '63101',
        '62934.jpg',
        NULL,
        'Pszczółková',
        NULL,
        NULL,
        'Zuzana',
        NULL,
        '30',
        '20',
        NULL,
        '2022-05-02',
        NULL,
        '222222',
        NULL,
        NULL,
        'Vydáno',
        '',
        'HPP',
        'active',
        '2022-05-02 07:00:44',
        '2022-05-13 03:07:01'
    ), (
        779,
        '64533',
        '64533.jpg',
        NULL,
        'Weiss',
        NULL,
        NULL,
        'Eva',
        NULL,
        '1',
        '20',
        NULL,
        '2022-05-02',
        NULL,
        '222222',
        NULL,
        NULL,
        'Vydáno',
        '',
        'HPP',
        'active',
        '2022-05-02 09:51:37',
        '2022-05-03 02:50:27'
    ), (
        781,
        '60131',
        '60131.jpg',
        NULL,
        'Balažovičová',
        NULL,
        NULL,
        'Andrea',
        NULL,
        '18',
        '25',
        NULL,
        '2022-05-02',
        NULL,
        '222222',
        NULL,
        NULL,
        'Vydáno',
        NULL,
        'HPP',
        'active',
        '2022-05-03 06:58:26',
        '2022-11-13 14:30:57'
    ), (
        782,
        '62633',
        '62633.jpg',
        NULL,
        'Nelhyblová',
        NULL,
        NULL,
        'Monika',
        NULL,
        '19',
        '22',
        NULL,
        '2022-05-05',
        NULL,
        '222222',
        NULL,
        NULL,
        'Vydáno',
        '',
        'HPP',
        'active',
        '2022-05-05 05:33:06',
        '2022-05-05 05:33:06'
    ), (
        784,
        '63524',
        '63524.jpg',
        NULL,
        'Sikora',
        NULL,
        NULL,
        'Robert',
        NULL,
        '1',
        'praktická sestra',
        NULL,
        '2022-05-05',
        NULL,
        '222222',
        NULL,
        NULL,
        'Vydáno',
        '',
        'DPP',
        'active',
        '2022-05-30 07:58:32',
        '2022-05-30 07:58:32'
    ), (
        785,
        '60315',
        '60315.jpg',
        NULL,
        'Ristovská',
        NULL,
        NULL,
        'Barbara',
        NULL,
        '6',
        'praktická sestra',
        NULL,
        '2022-06-01',
        NULL,
        '222222',
        NULL,
        NULL,
        'Vydáno',
        '',
        'DPP',
        'active',
        '2022-06-01 04:05:15',
        '2022-10-25 06:48:20'
    ), (
        786,
        '61031',
        '61031.jpg',
        NULL,
        'Greco',
        NULL,
        NULL,
        'Alexandr',
        NULL,
        '28',
        'praktická sestra',
        NULL,
        '2022-06-01',
        NULL,
        '222222',
        NULL,
        NULL,
        'Vydáno',
        '',
        'HPP',
        'active',
        '2022-06-01 04:28:46',
        '2022-06-01 04:29:16'
    ), (
        787,
        '60932',
        '60932.jpg',
        NULL,
        'Friedlová',
        NULL,
        NULL,
        'Karolína',
        NULL,
        '1',
        'praktická sestra',
        NULL,
        '2022-06-01',
        NULL,
        '4287f5',
        NULL,
        NULL,
        'Vydáno',
        '',
        'HPP',
        'active',
        '2022-06-01 06:32:55',
        '2022-10-18 02:42:12'
    ), (
        788,
        '60432',
        '60432.jpg',
        NULL,
        'Byrtus',
        NULL,
        NULL,
        'Ivo',
        NULL,
        '17',
        '48',
        NULL,
        '2022-06-01',
        NULL,
        'Superšéf',
        '372',
        '725189424',
        'Vydáno',
        NULL,
        'HPP',
        'active',
        '2022-06-02 05:19:33',
        '2022-11-13 09:11:13'
    ), (
        789,
        '62229',
        '62229.jpg',
        'Bc.',
        'Lamaczová',
        NULL,
        NULL,
        'Dagmar',
        NULL,
        '3',
        '55',
        NULL,
        '2022-06-01',
        NULL,
        '222222',
        NULL,
        NULL,
        'Vydáno',
        '',
        'HPP',
        'active',
        '2022-06-02 08:57:53',
        '2022-06-02 08:57:53'
    ), (
        791,
        '63732',
        '63732.jpg',
        NULL,
        'Suchá',
        NULL,
        NULL,
        'Marta',
        NULL,
        '19',
        '22',
        NULL,
        '2022-06-10',
        NULL,
        '222222',
        NULL,
        NULL,
        'Vydáno',
        '',
        'HPP',
        'active',
        '2022-06-13 04:45:32',
        '2022-06-13 04:45:32'
    ), (
        792,
        '61532',
        '61532.jpg',
        NULL,
        'Jeřábková',
        NULL,
        NULL,
        'Markéta',
        NULL,
        '1',
        'praktická sestra',
        NULL,
        '2022-06-13',
        NULL,
        '222222',
        NULL,
        NULL,
        'Vydáno',
        '',
        'HPP',
        'active',
        '2022-06-13 08:58:21',
        '2022-10-18 02:42:35'
    ), (
        795,
        '61434',
        'no_image.png',
        NULL,
        'Janišová',
        NULL,
        NULL,
        'Adriana',
        NULL,
        '1',
        '36',
        NULL,
        '2022-06-17',
        NULL,
        '222222',
        NULL,
        NULL,
        'Vytvořit nálepku',
        NULL,
        'DPP',
        'active',
        '2022-06-17 02:48:48',
        '2022-11-12 15:27:07'
    ), (
        797,
        '62122',
        '62122.jpg',
        NULL,
        'Kupčok',
        NULL,
        NULL,
        'Radim',
        NULL,
        '3',
        'ošetřovatel',
        NULL,
        '2022-07-01',
        NULL,
        '222222',
        NULL,
        NULL,
        'Vydáno',
        '',
        'HPP',
        'active',
        '2022-07-01 04:04:58',
        '2022-08-02 08:39:11'
    ), (
        798,
        '63199',
        '63199.jpg',
        'Bc.',
        'Reli',
        NULL,
        NULL,
        'Kristýna',
        NULL,
        '15',
        'radiologický asistent',
        NULL,
        '2022-07-01',
        NULL,
        '222222',
        NULL,
        NULL,
        'Vydáno',
        '',
        'HPP',
        'active',
        '2022-07-01 05:51:37',
        '2022-07-01 05:52:03'
    ), (
        799,
        '61816',
        '61816.jpg',
        NULL,
        'Kostková',
        NULL,
        NULL,
        'Klára',
        NULL,
        '6',
        'praktická sestra',
        NULL,
        '2022-07-01',
        NULL,
        '222222',
        NULL,
        NULL,
        'Vydáno',
        '',
        'HPP',
        'active',
        '2022-07-01 06:51:23',
        '2022-07-01 06:51:23'
    ), (
        800,
        '61134',
        '61134.jpg',
        NULL,
        'Haklová',
        NULL,
        NULL,
        'Aneta',
        NULL,
        '6',
        '20',
        NULL,
        '2022-07-01',
        NULL,
        '222222',
        NULL,
        NULL,
        'Vydáno',
        '',
        'HPP',
        'active',
        '2022-07-01 07:16:48',
        '2022-07-01 07:16:48'
    ), (
        802,
        '64331',
        '64331.jpg',
        NULL,
        'Velecká',
        NULL,
        NULL,
        'Renáta',
        NULL,
        '23',
        '20',
        NULL,
        '2022-08-01',
        NULL,
        'a31561',
        NULL,
        NULL,
        'Vydáno',
        '',
        'HPP',
        'active',
        '2022-08-01 07:10:31',
        '2022-08-01 07:17:03'
    ), (
        803,
        '61932',
        '61932.jpg',
        'MUDr.',
        'Konetzná',
        NULL,
        NULL,
        'Pavla',
        NULL,
        '6',
        '12',
        NULL,
        '2022-08-01',
        NULL,
        '222222',
        NULL,
        NULL,
        'Vydáno',
        '',
        'HPP',
        'active',
        '2022-08-01 07:13:51',
        '2022-08-01 07:13:51'
    ), (
        804,
        '61140',
        '61140.jpg',
        NULL,
        'Horehleďová',
        NULL,
        NULL,
        'Monika',
        NULL,
        '6',
        '20',
        NULL,
        '2022-08-01',
        NULL,
        '222222',
        NULL,
        NULL,
        'Vydáno',
        '',
        'HPP',
        'active',
        '2022-08-01 08:34:53',
        '2022-08-02 08:38:44'
    ), (
        805,
        '60132',
        '60132.jpg',
        NULL,
        'Baloghová',
        NULL,
        NULL,
        'Lucie',
        NULL,
        '18',
        '25',
        NULL,
        '2022-08-01',
        NULL,
        '222222',
        NULL,
        NULL,
        'Vydáno',
        NULL,
        'HPP',
        'active',
        '2022-08-02 08:44:47',
        '2022-11-13 14:33:53'
    ), (
        806,
        '62833',
        '62833.jpg',
        'Bc.',
        'Palisová',
        NULL,
        NULL,
        'Veronika',
        NULL,
        '15',
        'radiologický asistent',
        NULL,
        '2022-07-01',
        NULL,
        '222222',
        NULL,
        NULL,
        'Vydáno',
        '',
        'DPČ',
        'active',
        '2022-08-05 06:10:14',
        '2022-08-05 06:10:14'
    ), (
        807,
        '61336',
        '61336.jpg',
        NULL,
        'Honiewiczová',
        NULL,
        NULL,
        'Pavla',
        NULL,
        '18',
        '11',
        NULL,
        '2022-08-08',
        NULL,
        '222222',
        NULL,
        NULL,
        'Vydáno',
        '',
        'HPP',
        'active',
        '2022-08-09 06:54:44',
        '2022-08-15 05:35:38'
    ), (
        808,
        '63734',
        'no_image.png',
        NULL,
        'Soltészová',
        NULL,
        NULL,
        'Nikola',
        NULL,
        '30',
        '20',
        NULL,
        '2022-08-02',
        NULL,
        '222222',
        NULL,
        NULL,
        'Nový nástup',
        NULL,
        'DPP',
        'active',
        '2022-08-09 08:21:08',
        '2022-11-12 20:18:07'
    ), (
        809,
        '62131',
        '62131.jpg',
        NULL,
        'Lasovská',
        NULL,
        NULL,
        'Renáta',
        NULL,
        '1',
        '20',
        NULL,
        '2022-09-01',
        NULL,
        '222222',
        NULL,
        NULL,
        'Vydáno',
        '',
        'HPP',
        'active',
        '2022-09-01 07:26:00',
        '2022-09-01 07:26:00'
    ), (
        810,
        '62536',
        '62536.jpg',
        NULL,
        'Miech',
        NULL,
        NULL,
        'Dalibor',
        NULL,
        '1',
        'praktická sestra',
        NULL,
        '2022-09-01',
        NULL,
        '222222',
        NULL,
        NULL,
        'Vydáno',
        '',
        'HPP',
        'active',
        '2022-09-01 07:53:20',
        '2022-09-01 07:53:47'
    ), (
        811,
        '64009',
        '64009.jpg',
        NULL,
        'Tekenöšová',
        NULL,
        NULL,
        'Šárka',
        NULL,
        '6',
        'praktická sestra',
        NULL,
        '2022-09-01',
        NULL,
        '222222',
        NULL,
        NULL,
        'Vydáno',
        '',
        'HPP',
        'active',
        '2022-09-01 08:16:23',
        '2022-09-01 08:16:23'
    ), (
        812,
        '61337',
        '61337.jpg',
        'MUDr.',
        'Horák',
        NULL,
        NULL,
        'Vojtěch',
        NULL,
        '6',
        '12',
        NULL,
        '2022-09-05',
        NULL,
        '222222',
        NULL,
        NULL,
        'Vydáno',
        '',
        'HPP',
        'active',
        '2022-09-05 04:56:29',
        '2022-09-05 04:56:29'
    ), (
        813,
        '62123',
        '62123.jpg',
        NULL,
        'Kuchma',
        NULL,
        NULL,
        'Nataliia',
        NULL,
        '6',
        '55',
        NULL,
        '2022-09-05',
        NULL,
        '222222',
        NULL,
        NULL,
        'Vydáno',
        '',
        'HPP',
        'active',
        '2022-09-05 05:56:52',
        '2022-09-05 07:02:37'
    ), (
        815,
        '63130',
        '63130.jpg',
        NULL,
        'Repová',
        NULL,
        NULL,
        'Jana',
        NULL,
        '19',
        '22',
        NULL,
        '2022-09-06',
        NULL,
        '222222',
        NULL,
        NULL,
        'Vydáno',
        '',
        'HPP',
        'active',
        '2022-09-06 06:18:12',
        '2022-09-06 06:18:12'
    ), (
        816,
        '60809',
        '60809.jpg',
        NULL,
        'Franek',
        NULL,
        NULL,
        'Stanislav',
        NULL,
        '1',
        'ošetřovatel',
        NULL,
        '2022-09-07',
        NULL,
        '222222',
        NULL,
        NULL,
        'Vydáno',
        '',
        'HPP',
        'active',
        '2022-09-08 08:59:18',
        '2022-09-08 08:59:18'
    ), (
        817,
        '64217',
        '64217.jpg',
        NULL,
        'Valášková',
        NULL,
        NULL,
        'Kateřina',
        NULL,
        '16',
        '55',
        NULL,
        '2022-10-03',
        NULL,
        '222222',
        NULL,
        NULL,
        'Vydáno',
        '',
        'HPP',
        'active',
        '2022-10-03 03:48:58',
        '2022-10-03 03:48:58'
    ), (
        818,
        '63831',
        '63831.jpg',
        NULL,
        'Sznapková',
        NULL,
        NULL,
        'Adéla',
        NULL,
        '11',
        'praktická sestra',
        NULL,
        '2022-10-01',
        NULL,
        '222222',
        NULL,
        NULL,
        'Vydáno',
        '',
        'HPP',
        'active',
        '2022-10-03 05:43:52',
        '2022-10-03 05:43:52'
    ), (
        819,
        '64828',
        '64828.jpg',
        NULL,
        'Žažová',
        NULL,
        NULL,
        'Veronika',
        NULL,
        '3',
        'praktická sestra',
        NULL,
        '2022-10-03',
        NULL,
        '222222',
        NULL,
        NULL,
        'Vydáno',
        '',
        'HPP',
        'active',
        '2022-10-03 06:34:43',
        '2022-10-03 06:34:43'
    ), (
        820,
        '60420',
        '60420.jpg',
        NULL,
        'Bytčanková',
        'Stojanova',
        NULL,
        'Simona',
        NULL,
        '1',
        '55',
        NULL,
        '2022-10-03',
        NULL,
        '222222',
        NULL,
        NULL,
        'Vydáno',
        NULL,
        'HPP',
        'active',
        '2022-10-06 07:03:28',
        '2022-11-13 22:16:47'
    ), (
        821,
        '61800',
        '61800.jpg',
        NULL,
        'Kokyová',
        NULL,
        NULL,
        'Tereza',
        NULL,
        '28',
        'praktická sestra',
        NULL,
        '2022-10-10',
        NULL,
        '222222',
        NULL,
        NULL,
        'Vydáno',
        '',
        'HPP',
        'active',
        '2022-10-10 04:00:18',
        '2022-10-10 04:00:18'
    ), (
        822,
        '63109',
        '63109.jpg',
        NULL,
        'Pyszková',
        NULL,
        NULL,
        'Karolina',
        NULL,
        '28',
        '20',
        NULL,
        '2022-10-17',
        NULL,
        '222222',
        NULL,
        NULL,
        'Vydáno',
        '',
        'HPP',
        'active',
        '2022-10-17 07:14:14',
        '2022-10-17 07:14:14'
    ), (
        824,
        '60336',
        '60336.jpg',
        NULL,
        'Beránková',
        NULL,
        NULL,
        'Ivana',
        NULL,
        '19',
        '22',
        NULL,
        '2022-10-21',
        NULL,
        '222222',
        NULL,
        NULL,
        'Vydáno',
        '',
        'HPP',
        'active',
        '2022-10-21 05:55:29',
        '2022-10-21 05:55:29'
    ), (
        825,
        '60833',
        'no_image.png',
        'Mgr.',
        'Franková',
        NULL,
        NULL,
        'Veronika',
        NULL,
        '31',
        '31',
        NULL,
        '2022-09-01',
        NULL,
        '222222',
        NULL,
        NULL,
        'Vytvořit nálepku',
        NULL,
        'DPP',
        'active',
        '2022-10-25 06:52:19',
        '2022-11-12 15:25:38'
    ), (
        826,
        '62233',
        'no_image.png',
        NULL,
        'Lubojacká',
        NULL,
        NULL,
        'Lenka',
        NULL,
        '19',
        '22',
        NULL,
        '2022-11-01',
        NULL,
        '222222',
        NULL,
        NULL,
        'Vydáno',
        NULL,
        'HPP',
        'active',
        '2022-11-01 07:51:08',
        '2022-11-12 20:21:17'
    ), (
        827,
        '61032',
        'no_image.png',
        'Bc.',
        'Giemza',
        NULL,
        NULL,
        'Sylwia',
        'DiS.',
        '11',
        '55',
        NULL,
        '2022-11-01',
        NULL,
        '222222',
        NULL,
        NULL,
        'Vydáno',
        NULL,
        'HPP',
        'active',
        '2022-11-01 08:17:20',
        '2022-11-12 15:26:10'
    ), (
        828,
        '61338',
        'no_image.png',
        NULL,
        'Hrdinová',
        NULL,
        NULL,
        'Jaroslava',
        NULL,
        '19',
        '22',
        NULL,
        '2022-11-01',
        NULL,
        '222222',
        NULL,
        NULL,
        'Vydáno',
        NULL,
        'HPP',
        'active',
        '2022-11-01 08:41:56',
        '2022-11-12 15:26:44'
    ), (
        829,
        '60434',
        'no_image.png',
        NULL,
        'Brhelová',
        NULL,
        NULL,
        'Jana',
        NULL,
        '1',
        '20',
        NULL,
        '2022-11-01',
        NULL,
        '222222',
        NULL,
        NULL,
        'Vydáno',
        NULL,
        'HPP',
        'active',
        '2022-11-01 11:43:42',
        '2022-11-12 15:25:16'
    ), (
        830,
        '60292',
        'no_image.png',
        NULL,
        'Beitelová',
        NULL,
        NULL,
        'Romana',
        NULL,
        '30',
        '36',
        NULL,
        '2022-11-01',
        NULL,
        '222222',
        NULL,
        NULL,
        'Vydáno',
        NULL,
        'HPP',
        'active',
        '2022-11-01 11:48:15',
        '2022-11-12 19:59:59'
    ), (
        831,
        '64321',
        'no_image.png',
        NULL,
        'Valošková',
        NULL,
        NULL,
        'Lenka',
        NULL,
        '1',
        '20',
        NULL,
        '2022-11-01',
        NULL,
        '222222',
        NULL,
        NULL,
        'Vydáno',
        NULL,
        'HPP',
        'active',
        '2022-11-02 04:50:46',
        '2022-11-12 20:17:46'
    ), (
        832,
        '62232',
        'no_image.png',
        NULL,
        'Levayová',
        NULL,
        NULL,
        'Sára',
        NULL,
        '6',
        '10',
        NULL,
        '2022-11-01',
        NULL,
        '222222',
        NULL,
        NULL,
        'Vydáno',
        NULL,
        'HPP',
        'active',
        '2022-11-03 10:23:00',
        '2022-11-12 20:22:40'
    ), (
        852,
        '66666',
        'no_image.png',
        'PharmDr.',
        'Estes',
        'Jonas Casey',
        'Dorian Parsons',
        'Dana',
        'LL.M.',
        '10',
        '35',
        NULL,
        '2009-03-28',
        '2010-09-04',
        'Consequatur Fugiat',
        '+1 (418) 637-1224',
        'Exercitationem ut ea',
        'Vytvořit nálepku',
        'N',
        'EVP',
        'maternal',
        '2022-11-12 16:08:56',
        '2022-11-12 21:27:45'
    ), (
        854,
        '99999',
        'no_image.png',
        'Bc.',
        'Mendoza',
        'Malik Kramer',
        'Tara Pollard',
        'Oscar',
        'DiS.',
        '15',
        '18',
        NULL,
        '2018-10-31',
        '1997-02-05',
        'Amet minim perspici',
        '+1 (314) 909-1684',
        'Ipsum sed repudiand',
        'Vytvořit nálepku',
        'N',
        'EVP',
        'active',
        '2022-11-12 16:16:45',
        '2022-11-13 19:22:32'
    ), (
        858,
        '41545',
        '41545_20221113-095803.png',
        NULL,
        'Testovač',
        NULL,
        NULL,
        'Test',
        NULL,
        '1',
        '9',
        NULL,
        '2022-11-12',
        NULL,
        NULL,
        NULL,
        NULL,
        'Nový nástup',
        'N',
        'HPP',
        'inactive',
        '2022-11-12 21:19:04',
        '2022-11-13 08:58:03'
    ), (
        862,
        '74345',
        'no_image.png',
        'Bc.',
        'Hendricks',
        'Lucius Hardy',
        'Maite Hoffman',
        'Bell',
        'LL.M.',
        '22',
        '23',
        'kekyvinec@mailinator.com',
        '1997-03-27',
        '2006-08-31',
        'Qui ea dolore fuga',
        '+1 (378) 464-1955',
        'Quo voluptates est v',
        'Nový nástup',
        'N',
        'ČSO',
        'inactive',
        '2022-11-12 21:26:34',
        '2022-11-12 21:26:34'
    ), (
        868,
        '16333',
        '16333_20221113-194634.png',
        'Mgr.',
        'Schneider',
        'Callie Hughes',
        'Serena Cain',
        'Heidi',
        'DiS.',
        '2',
        '27',
        NULL,
        '2004-02-23',
        '1999-07-09',
        'Voluptates autem sae',
        '+1 (717) 782-3158',
        'Inventore totam ut v',
        'Vrácena',
        'N',
        'HPP',
        'maternal',
        '2022-11-13 18:42:15',
        '2022-11-13 18:46:34'
    );

-- --------------------------------------------------------

--

-- Struktura tabulky `failed_jobs`

--

CREATE TABLE
    `failed_jobs` (
        `id` bigint(20) UNSIGNED NOT NULL,
        `uuid` varchar(255) COLLATE utf8mb4_unicode_ci NOT NULL,
        `connection` text COLLATE utf8mb4_unicode_ci NOT NULL,
        `queue` text COLLATE utf8mb4_unicode_ci NOT NULL,
        `payload` longtext COLLATE utf8mb4_unicode_ci NOT NULL,
        `exception` longtext COLLATE utf8mb4_unicode_ci NOT NULL,
        `failed_at` timestamp NOT NULL DEFAULT current_timestamp()
    ) ENGINE = InnoDB DEFAULT CHARSET = utf8mb4 COLLATE = utf8mb4_unicode_ci;

-- --------------------------------------------------------

--

-- Struktura tabulky `jobs`

--

CREATE TABLE
    `jobs` (
        `id` bigint(20) UNSIGNED NOT NULL,
        `job_title` varchar(255) COLLATE utf8mb4_unicode_ci NOT NULL
    ) ENGINE = InnoDB DEFAULT CHARSET = utf8mb4 COLLATE = utf8mb4_unicode_ci;

--

-- Vypisuji data pro tabulku `jobs`

--

INSERT INTO
    `jobs` (`id`, `job_title`)
VALUES (1, 'asistentka ředitele'), (
        2,
        'dohlížející osoba pro radiační činnost'
    ), (3, 'dokumentační pracovnice'), (4, 'ekonomický náměstek'), (5, 'ergoterapeut'), (6, 'farmaceut'), (7, 'farmaceutický asistent'), (8, 'finanční účetní'), (9, 'fyzioterapeut'), (10, 'klinický logoped'), (11, 'kuchař'), (12, 'lékař'), (13, 'manažer kvality OKB'), (
        14,
        'manažer kvality, ústavní hygienik'
    ), (15, 'manažer léčby ran'), (
        16,
        'manažer vztahů s veřejností'
    ), (17, 'mzdová účetní'), (18, 'nutriční terapeut'), (
        19,
        'náměstek pro ošetřovatelskou péči'
    ), (20, 'ošetřovatel/ka'), (21, 'pokladní'), (22, 'pomocnice na úklid'), (23, 'pomocný pracovník'), (
        24,
        'pracovnice spisovny/archivu'
    ), (25, 'pracovník rozvozu'), (
        26,
        'pracovník údržby - elektrikář'
    ), (
        27,
        'pracovník údržby - instalatér'
    ), (
        28,
        'pracovník údržby - zámečník'
    ), (29, 'praktická sestra'), (30, 'primář'), (31, 'prodavač/ka'), (
        32,
        'provozně-technický náměstek'
    ), (
        33,
        'provozní pracovník, vedoucí recepce'
    ), (34, 'předseda dozorčí rady'), (35, 'řidič'), (36, 'sanitář/ka'), (37, 'skladnice'), (
        38,
        'zdravotně sociální pracovnice'
    ), (39, 'správce počítačové sítě'), (
        40,
        'správce zdravotnických prostředků, metrolog'
    ), (41, 'staniční sestra'), (42, 'šéfkuchař'), (43, 'vedoucí laborant OKB'), (44, 'vedoucí CPM'), (45, 'vedoucí farmaceut'), (
        46,
        'vedoucí finanční účtárny'
    ), (47, 'vedoucí fyzioterapeut'), (48, 'vedoucí IT'), (49, 'vedoucí kantýny'), (50, 'vedoucí lékař'), (
        51,
        'vedoucí personálního a mzdového oddělení'
    ), (
        52,
        'vedoucí radiologický asistent'
    ), (
        53,
        'vedoucí stravovacího provozu'
    ), (54, 'vedoucí údržby'), (55, 'všeobecná sestra'), (56, 'výkonová účetní'), (57, 'vývojář, webmaster'), (58, 'tisková mluvčí'), (59, 'technik IT'), (60, 'učitel/ka'), (61, 'zástupce primáře'), (
        62,
        'zástupce vedoucího farmaceuta'
    ), (
        63,
        'zástupce staniční sestry'
    ), (
        64,
        'zdravotně sociální pracovník'
    ), (65, 'zdravotní laborant');

-- --------------------------------------------------------

--

-- Struktura tabulky `migrations`

--

CREATE TABLE
    `migrations` (
        `id` int(10) UNSIGNED NOT NULL,
        `migration` varchar(255) COLLATE utf8mb4_unicode_ci NOT NULL,
        `batch` int(11) NOT NULL
    ) ENGINE = InnoDB DEFAULT CHARSET = utf8mb4 COLLATE = utf8mb4_unicode_ci;

--

-- Vypisuji data pro tabulku `migrations`

--

INSERT INTO
    `migrations` (`id`, `migration`, `batch`)
VALUES (
        1,
        '2014_10_12_000000_create_users_table',
        1
    ), (
        2,
        '2014_10_12_100000_create_password_resets_table',
        1
    ), (
        3,
        '2014_10_12_200000_add_two_factor_columns_to_users_table',
        1
    ), (
        4,
        '2019_08_19_000000_create_failed_jobs_table',
        1
    ), (
        5,
        '2019_12_14_000001_create_personal_access_tokens_table',
        1
    ), (
        6,
        '2022_10_31_054214_create_employees_table',
        1
    ), (
        7,
        '2022_10_31_080147_create_departments_table',
        1
    ), (
        8,
        '2022_11_02_121758_create_jobs_table',
        1
    ), (
        9,
        '2022_11_11_182124_create_department_colors_table',
        2
    );

-- --------------------------------------------------------

--

-- Struktura tabulky `password_resets`

--

CREATE TABLE
    `password_resets` (
        `email` varchar(255) COLLATE utf8mb4_unicode_ci NOT NULL,
        `token` varchar(255) COLLATE utf8mb4_unicode_ci NOT NULL,
        `created_at` timestamp NULL DEFAULT NULL
    ) ENGINE = InnoDB DEFAULT CHARSET = utf8mb4 COLLATE = utf8mb4_unicode_ci;

-- --------------------------------------------------------

--

-- Struktura tabulky `personal_access_tokens`

--

CREATE TABLE
    `personal_access_tokens` (
        `id` bigint(20) UNSIGNED NOT NULL,
        `tokenable_type` varchar(255) COLLATE utf8mb4_unicode_ci NOT NULL,
        `tokenable_id` bigint(20) UNSIGNED NOT NULL,
        `name` varchar(255) COLLATE utf8mb4_unicode_ci NOT NULL,
        `token` varchar(64) COLLATE utf8mb4_unicode_ci NOT NULL,
        `abilities` text COLLATE utf8mb4_unicode_ci DEFAULT NULL,
        `last_used_at` timestamp NULL DEFAULT NULL,
        `created_at` timestamp NULL DEFAULT NULL,
        `updated_at` timestamp NULL DEFAULT NULL
    ) ENGINE = InnoDB DEFAULT CHARSET = utf8mb4 COLLATE = utf8mb4_unicode_ci;

-- --------------------------------------------------------

--

-- Struktura tabulky `users`

--

CREATE TABLE
    `users` (
        `id` bigint(20) UNSIGNED NOT NULL,
        `personal_number` varchar(255) COLLATE utf8mb4_unicode_ci NOT NULL,
        `name` varchar(255) COLLATE utf8mb4_unicode_ci NOT NULL,
        `email` varchar(255) COLLATE utf8mb4_unicode_ci NOT NULL,
        `email_verified_at` timestamp NULL DEFAULT NULL,
        `password` varchar(255) COLLATE utf8mb4_unicode_ci NOT NULL,
        `two_factor_secret` text COLLATE utf8mb4_unicode_ci DEFAULT NULL,
        `two_factor_recovery_codes` text COLLATE utf8mb4_unicode_ci DEFAULT NULL,
        `remember_token` varchar(100) COLLATE utf8mb4_unicode_ci DEFAULT NULL,
        `created_at` timestamp NULL DEFAULT NULL,
        `updated_at` timestamp NULL DEFAULT NULL
    ) ENGINE = InnoDB DEFAULT CHARSET = utf8mb4 COLLATE = utf8mb4_unicode_ci;

--

-- Vypisuji data pro tabulku `users`

--

INSERT INTO
    `users` (
        `id`,
        `personal_number`,
        `name`,
        `email`,
        `email_verified_at`,
        `password`,
        `two_factor_secret`,
        `two_factor_recovery_codes`,
        `remember_token`,
        `created_at`,
        `updated_at`
    )
VALUES (
        1,
        '64403',
        'Dr. Marcel Böhm',
        'ezakova@example.net',
        '2022-11-07 07:34:54',
        '$2y$10$6X8TDUGWV5dGycnMSk2pt.rKmSpXwpYdkqWOKwi4f93td9JikBKfS',
        NULL,
        NULL,
        'BA2kKflSdgEPCOK5dRoYF8G1nu0a7a23wGPF1JQFLi6Pr6s8Uq6kXbRkkVUt',
        '2022-11-07 07:34:55',
        '2022-11-07 07:34:55'
    ), (
        2,
        '64754',
        'Miroslav Vondrák',
        'kbauerova@example.com',
        '2022-11-07 07:34:54',
        '$2y$10$dKxa/mXetPSzlMXSEjYY1ebS2zlT0jpi1n.IK5hQgZVjJtq2g7UmC',
        NULL,
        NULL,
        'Qni3aOjRCI6Gn3icSPfEx2ZNmAg3tKAahwnDQgOTFPWljxUgtw6lmSMIcsO9',
        '2022-11-07 07:34:55',
        '2022-11-07 07:34:55'
    ), (
        3,
        '64712',
        'Daniela Patočková',
        'renata18@example.org',
        '2022-11-07 07:34:54',
        '$2y$10$QU3w4c7z5Nty6.QOvu8dfewMZMzYONd0czXdXPw8zdAVlL5ObISOa',
        NULL,
        NULL,
        'XvZvfsmL4BXeIDrHR2S7YWvvO0ITb41SdDRHrFP58GY2OVKEUXlHKwOaf8v3',
        '2022-11-07 07:34:55',
        '2022-11-07 07:34:55'
    ), (
        4,
        '61155',
        'Libor Žídek',
        'vladislav.martinec@example.net',
        '2022-11-07 07:34:55',
        '$2y$10$MxfxrWnql9l/XKU9zPjfW.UkcAUbVU1L.WXP0bhQ4fztlJ7PWmqFG',
        NULL,
        NULL,
        'jFalW988rD6wTfcD8m5sJt8pLAcZqSFv1TG9r1rrSgztk9ylQvmSdsGVrHmr',
        '2022-11-07 07:34:55',
        '2022-11-07 07:34:55'
    ), (
        5,
        '63184',
        'Nela Turková',
        'khladka@example.org',
        '2022-11-07 07:34:55',
        '$2y$10$SibMZC5UWbJIRRovPqe8iuimaVypt9W1fYjT6rd/UImf1vPbbFNwu',
        NULL,
        NULL,
        'QUONz5ZSvhFbi3K5vT3fVnleJ19OltWlz6wTrWJW4kVFndZeSNzBbaJWf9l9',
        '2022-11-07 07:34:55',
        '2022-11-07 07:34:55'
    ), (
        6,
        '64821',
        'Aneta Hrůzová',
        'lukas81@example.net',
        '2022-11-07 07:34:55',
        '$2y$10$iFsHwc8Zd3x8Zw.iayjazOuX9TdTg3YWUPy2dlA.NCnxu5HUGzBdu',
        NULL,
        NULL,
        'CEMS3oTkbqn0d2kwKnq3uWifZmFoQVTbLO4nX9cbKodnqGCSFgdJvmo2W5PS',
        '2022-11-07 07:34:55',
        '2022-11-07 07:34:55'
    ), (
        7,
        '63904',
        'Ing. Matyáš Soukup',
        'david96@example.net',
        '2022-11-07 07:34:55',
        '$2y$10$hsDkNb8GaTnMX4pVNNEqS.1d1XpVhpEFsVJol7W98.TTQ1.vcwWHG',
        NULL,
        NULL,
        'MnMdltwNOiYREfO2T0I3XkHb6fcdG42BW7PJrSUzhOHWTFgNWwVKb6sopfi0',
        '2022-11-07 07:34:55',
        '2022-11-07 07:34:55'
    ), (
        8,
        '61818',
        'Jozef Minář',
        'lubomir91@example.com',
        '2022-11-07 07:34:55',
        '$2y$10$cUdAO1aCDskg5jItn.CfmeED55T8S32XN5K/rgbTwhOr46d1RObKm',
        NULL,
        NULL,
        'Z61M3g9d804a9kM6G4ZMOQ7f3bsg3nvJQUZOSWuhp7uHyq5GXGe5GkNH74hC',
        '2022-11-07 07:34:55',
        '2022-11-07 07:34:55'
    ), (
        9,
        '63801',
        'PhDr. Ivan Jirák',
        'jarmila.steinerova@example.org',
        '2022-11-07 07:34:55',
        '$2y$10$NKCAxHa4MKLiLv5tTfwCtuw2uzSP4gA/a4xLWSCBHPQP3iIlsGh.i',
        NULL,
        NULL,
        'hZymDjPHW5DSGrTXAY01a2vY79BUnf9tLDFqbtv6RUicnRQnnYjkxY9zs2E1',
        '2022-11-07 07:34:55',
        '2022-11-07 07:34:55'
    ), (
        10,
        '61112',
        'Adéla Maršíková',
        'svab.stefan@example.com',
        '2022-11-07 07:34:55',
        '$2y$10$grSa9UrkO/ikI5YjfmmAKeZhxGBDB1UL5PoSOrvcU0QOTKdPfjMeG',
        NULL,
        NULL,
        'Ji8Hyy5qOJJ8oWZf1tpRE2GlDhOgIuEVc2JPj6l4hvdKAcWj08q2JkVVoUbM',
        '2022-11-07 07:34:55',
        '2022-11-07 07:34:55'
    ), (
        11,
        '63494',
        'Jitka Kloučková',
        'htvrda@example.com',
        '2022-11-11 17:29:50',
        '$2y$10$XzFmeoCsBBe3.iKhKLPHYublCMdOHLEjBTJ34wGrec/s/N1AOWx0W',
        NULL,
        NULL,
        'X0ETF5mUFIMQRUrYG5vNpRCo6AQF7KPeF4rpyWBcVDlFQ1QWxIEHSem8Kc0o',
        '2022-11-11 17:29:50',
        '2022-11-11 17:29:50'
    ), (
        12,
        '64784',
        'Daniela Kotlárová',
        'cjankova@example.com',
        '2022-11-11 17:29:50',
        '$2y$10$APbWJDTJW20J01e45ZL7HOcVQ7.inBFimykhADn5UR0CHfSqrr866',
        NULL,
        NULL,
        'c5atmnR60P947oAfYEM0U8G4sQBSuyE94s9I9pmfgVgTKTjgfQzc51dyQaub',
        '2022-11-11 17:29:50',
        '2022-11-11 17:29:50'
    ), (
        13,
        '62398',
        'Ing. Radek Linhart',
        'gabor.irena@example.com',
        '2022-11-11 17:29:50',
        '$2y$10$XIYfgwgcACZc2U8Qvn6AyeW9OAnBToPXYzedn0O1LW7pdy5zau2U6',
        NULL,
        NULL,
        '5FUMbDhtU5GgrMq4OQTbVWu78GUfPsMqHN6dadRn85CuJ9frs7uIt1zMsFEa',
        '2022-11-11 17:29:50',
        '2022-11-11 17:29:50'
    ), (
        14,
        '63945',
        'Olga Suchomelová',
        'prokopova.zdenka@example.com',
        '2022-11-11 17:29:50',
        '$2y$10$2AK7tVNcGNVbBwMyQIx71u90OiW3zlcsLFeXh6f7VgwA3r0Z/NYGi',
        NULL,
        NULL,
        'OTGUPmpJfAxW3GwSi4AfaFzf1swX5YBmxpCxu4IoAbzDtkxqHaLwvrUynlJq',
        '2022-11-11 17:29:50',
        '2022-11-11 17:29:50'
    ), (
        15,
        '61308',
        'Anežka Plšková',
        'dominik47@example.org',
        '2022-11-11 17:29:50',
        '$2y$10$w/1T9sCgEvS/WvPsOi07G.SV4AF.LUM4uaAI/2rvS/188VpAG8xja',
        NULL,
        NULL,
        'AnpT5hfauZGUf7UShV055gSbJGe02rjIa57r0bbfzoXJZGxLQ52qolp8hd3J',
        '2022-11-11 17:29:50',
        '2022-11-11 17:29:50'
    ), (
        16,
        '64441',
        'Renáta Bergerová',
        'pilat.nela@example.net',
        '2022-11-11 17:29:50',
        '$2y$10$i4g6NDH9mIkK/Q1KugbZD.IE2NbbkhEN2W6kxItxTi1Fpwkap5A6i',
        NULL,
        NULL,
        '0nQ8NpFBExQHj85xiw1q6uwDl0L8NSsMS6BlWlURR45sgSOeJa4AENeUXiig',
        '2022-11-11 17:29:50',
        '2022-11-11 17:29:50'
    ), (
        17,
        '61383',
        'Štefan Peřina',
        'milada.sikora@example.org',
        '2022-11-11 17:29:50',
        '$2y$10$RFSrR/jlWw38HmZFknsHxu5wZd6T9E0HgBejXY4c/jWmTM2WuL.su',
        NULL,
        NULL,
        'Oo9c2WNZWZWC3DFBOzTGZY5dfFGAIluTROAt3vqRBITPEhAR8bJmA0wrJAY4',
        '2022-11-11 17:29:50',
        '2022-11-11 17:29:50'
    ), (
        18,
        '63845',
        'Marcel Trnka',
        'holec.miroslav@example.org',
        '2022-11-11 17:29:50',
        '$2y$10$s3hVbFkbnO4RkudnTyWnKuplPrSttMkSSo0aDkXzCsnERsooktmje',
        NULL,
        NULL,
        '6jNgkQ4fG795OBPeLrPBp3M4VWjUDpNVMxA1K7Ti7UuEQMXylH8S73yYONTu',
        '2022-11-11 17:29:50',
        '2022-11-11 17:29:50'
    ), (
        19,
        '64350',
        'Dr. Dana Sovová',
        'daniel78@example.net',
        '2022-11-11 17:29:50',
        '$2y$10$qPYG/1srXwmF0qJp5S835eoXX8TM33tZsBRHAQJ1SBkaIoEl3F7Mm',
        NULL,
        NULL,
        'GmFHguOlP6G56cy7wlvOQgmkxQ9jIYf8kQycYeQWnGVZY1DriJRweyCg1gEZ',
        '2022-11-11 17:29:50',
        '2022-11-11 17:29:50'
    ), (
        20,
        '62707',
        'Ladislav Vrabec',
        'stefan24@example.net',
        '2022-11-11 17:29:50',
        '$2y$10$4See1qPy5XAiZoMBwEzT5Ol2xeMl6Uxdo2sglSIG.Jptpbeqm2Kl2',
        NULL,
        NULL,
        'yCoWA01zxQNuQBPAV1pIgQN8cbuJOyVXirfFyLWwHhTCgVC8mkSlSVghlOPx',
        '2022-11-11 17:29:50',
        '2022-11-11 17:29:50'
    ), (
        21,
        '61216',
        'Dušan Liška',
        'kosikova.peter@example.org',
        '2022-11-11 17:30:31',
        '$2y$10$aL5VCiKhzMJvcw79qRopxu5q4hhkiYJSWI/KPYaCuPTAwOS8tbpEe',
        NULL,
        NULL,
        'Nxc7VeT6NDvKczOQJIhU03NzJTmDbhpFEFYcx3bdgnZyYqJT2bwcYpvm64s6',
        '2022-11-11 17:30:31',
        '2022-11-11 17:30:31'
    ), (
        22,
        '63133',
        'MVDr. Romana Štěpánková',
        'miloslav.horvath@example.net',
        '2022-11-11 17:30:31',
        '$2y$10$9TlPH2JpLQ9MjwGOuYgXGORMPb8pgleZr886rZcRvNtpjyYdV5Rc.',
        NULL,
        NULL,
        'PhgpXSrWQ0n7PJTCILxAli0hEXBoN9sn2mKuxlD0z4HY3F0VUCDuuE42WDFt',
        '2022-11-11 17:30:31',
        '2022-11-11 17:30:31'
    ), (
        23,
        '63437',
        'Dana Radová',
        'vaclav80@example.com',
        '2022-11-11 17:30:31',
        '$2y$10$avt0fWKs9mu1pmBCA6o6rO8lPmYuv.Z28AZ9ZFeWaPj880scHzPu6',
        NULL,
        NULL,
        'NNAcBl4Us9R9tulFjqlz811sZu9dT1ACO0axEtdcZex5f1DuCypbjL3q05EB',
        '2022-11-11 17:30:31',
        '2022-11-11 17:30:31'
    ), (
        24,
        '63137',
        'Alžběta Zámečníková',
        'sarka.sluka@example.org',
        '2022-11-11 17:30:31',
        '$2y$10$hL7HBYkVWhSCrj0OtPoLm.6xnxktUCK8/NxEdWOupF8/ELqHIp0W6',
        NULL,
        NULL,
        'ZG9qmklu8ItZsbQUXbTJIpvJ6cQhjPKGUByR3u1dHp09jbORGEWQVZnEQ38M',
        '2022-11-11 17:30:31',
        '2022-11-11 17:30:31'
    ), (
        25,
        '63397',
        'PhDr. Vladimíra Hlaváčková',
        'nadezda.zurek@example.org',
        '2022-11-11 17:30:31',
        '$2y$10$xLGojH7IUoZ8sonNlF/sX.yHGRqDgyssLKVRy1fWJXnyya.oOl2JC',
        NULL,
        NULL,
        '1DtV61O4K4mpE5M2Ah55Vul2YpZqcwfAh9Lo7jIV9J3b1NKP4FW3DBMAUU9e',
        '2022-11-11 17:30:31',
        '2022-11-11 17:30:31'
    ), (
        26,
        '64788',
        'Marie Zachová',
        'zhrabovsky@example.org',
        '2022-11-11 17:30:31',
        '$2y$10$QAmglkeW5mtfYl8602aiEeeLQoO./nrHvz/xYlAHjeNtVmqUP.hiu',
        NULL,
        NULL,
        'ppCTR6vBw8u8ZYfvkknledaud7FY33kKY0ptVrTuvmh95u90ptE2SutfQsgE',
        '2022-11-11 17:30:31',
        '2022-11-11 17:30:31'
    ), (
        27,
        '63084',
        'MVDr. Adam Zajíček',
        'nikola27@example.com',
        '2022-11-11 17:30:31',
        '$2y$10$.UfCVkvodRAu7RUeoCu1xeUcLRM6y9w/RpRf.gNzRNdVCw74IstRW',
        NULL,
        NULL,
        'l0zCuIKIgt2xDgdBXo4CoJdze9NKA6tAFsoC8HsUc0B0H1EQt21VQ7ZOs5y1',
        '2022-11-11 17:30:31',
        '2022-11-11 17:30:31'
    ), (
        28,
        '63343',
        'Lubomír Zavřel',
        'sebkova.marek@example.com',
        '2022-11-11 17:30:31',
        '$2y$10$xSAGzXFZcQJ51v1NjconMuYbDn4umafGzsuAhigjvFPxasP1z6nPW',
        NULL,
        NULL,
        'rg7iQPYVmrXDFsp6a9Mvd39FfMammpOd4sOQ7acXFehYWXgZv1y3MaAECIDC',
        '2022-11-11 17:30:31',
        '2022-11-11 17:30:31'
    ), (
        29,
        '64167',
        'PhDr. Marek Pavlica',
        'gnesporova@example.org',
        '2022-11-11 17:30:31',
        '$2y$10$b4SCcqwDNDENJGpM6otHTu5JA4lqUr/xfHMvzEi6OGeaODCPjNXXW',
        NULL,
        NULL,
        'GnIrXYGXNhnYIfHztXQuG31uGKqp9Ytm52mn8oPMFJHrtCBZ4z2YcwkqTqJk',
        '2022-11-11 17:30:31',
        '2022-11-11 17:30:31'
    ), (
        30,
        '63902',
        'Iveta Hrdličková',
        'kristyna.zalesak@example.net',
        '2022-11-11 17:30:31',
        '$2y$10$FBBbRz0VMgqkvoKMdFkzWuXzcGpTaacAx6Ssi1X2JOaQze.mNIGKy',
        NULL,
        NULL,
        'xd5cJlxV8ZbBfRywKcLnV1RUnx45N77o4LOVCvjPASpUStkKSCutpuDVCilQ',
        '2022-11-11 17:30:31',
        '2022-11-11 17:30:31'
    ), (
        31,
        '62471',
        'Nikola Rousová',
        'renata63@example.org',
        '2022-11-11 18:33:42',
        '$2y$10$UggT64KCxbTstAQBsKxDre/QejwY3yo71xd8xnFNmkC4GDaE/YL1m',
        NULL,
        NULL,
        'I8vLrX8yirDPy59Zo7FzwdHoscKuq5Pn9QW0nYqZHnt3EblFd2L8VTIqoelV',
        '2022-11-11 18:33:43',
        '2022-11-11 18:33:43'
    ), (
        32,
        '61373',
        'Šimon Šváb',
        'vhoffmannova@example.net',
        '2022-11-11 18:33:42',
        '$2y$10$E0WqgiqrUj.0qJ4f/2SK6O2zBkALZejDpemtODN94.YV1F.aP4mWa',
        NULL,
        NULL,
        '3mqGq7MAvBodP1chjhNzKAEZqrTf0vJ7vborNulGK2VV6Rw2bwIGP62241of',
        '2022-11-11 18:33:43',
        '2022-11-11 18:33:43'
    ), (
        33,
        '63695',
        'Soňa Ryšavá',
        'avybiralova@example.com',
        '2022-11-11 18:33:42',
        '$2y$10$GEqjWwnHHkVc5KFIYrpM1O5KcNT1MCDgtfxUlKQ3ZFz.tbWRc5kgq',
        NULL,
        NULL,
        '6RI1XK5JQOrDHtj0sdLTUHkV5czage47SlnJmvdpig98JzLRu9xgddqvgPZ5',
        '2022-11-11 18:33:43',
        '2022-11-11 18:33:43'
    ), (
        34,
        '64650',
        'Vlasta Doskočilová',
        'kamil22@example.org',
        '2022-11-11 18:33:42',
        '$2y$10$74vDJt8rgwdZd5gpiqm/EuGdOGPBXYM6X2PSde1RtY0WPuV8vDOR6',
        NULL,
        NULL,
        'cEqsUVfecmqCQg1bFTYYC5jUJrlhCleuicyNRGfpJ9cN5hxyo3L45pCwAbYj',
        '2022-11-11 18:33:43',
        '2022-11-11 18:33:43'
    ), (
        35,
        '61006',
        'Miloš Berger',
        'martin.muller@example.org',
        '2022-11-11 18:33:42',
        '$2y$10$D5nz7WDl9mWRZdmS35rE9uQ1gdeper4I..Q6vhH47R7I7dGEt2yTu',
        NULL,
        NULL,
        'S6CC6pR1vlNZEM0VjxFEQcRh3BVyhTKaldX7PQ5P5gEj9bHQU6oOzWVasuQr',
        '2022-11-11 18:33:43',
        '2022-11-11 18:33:43'
    ), (
        36,
        '63730',
        'Milan Vybíral',
        'truhlarova.denisa@example.com',
        '2022-11-11 18:33:43',
        '$2y$10$h7iCCdEqXna5cNyDKocWUell3RkVxWXSNkHjTbTtERx7L6UrReG9m',
        NULL,
        NULL,
        'j59l2S4kolIwokyPUBivLR4iSKOqO7D8dXqdTcAcjW96ardHWRF7c4yDIjAU',
        '2022-11-11 18:33:43',
        '2022-11-11 18:33:43'
    ), (
        37,
        '63052',
        'Daniela Kantorová',
        'simon70@example.net',
        '2022-11-11 18:33:43',
        '$2y$10$YbuU.Mvq/C.VOkEwW77sJufl1Pf7N8u5Y.um4R5Em9eaNAd14QJey',
        NULL,
        NULL,
        'h3IyHrcqdWRJVhVoYfLjRj1vM61iU9kAiU8umdSeObqojpdpNforyIMO1y0e',
        '2022-11-11 18:33:43',
        '2022-11-11 18:33:43'
    ), (
        38,
        '63621',
        'Jaroslav Holec',
        'nadezda67@example.com',
        '2022-11-11 18:33:43',
        '$2y$10$Einkj4HcfwIMpDphqgs4h.zdcQ.SilISIFlX.64x8wRirA6Ukfp12',
        NULL,
        NULL,
        'zd0vXGCMUWbr5zl5ec26RKXCbfSpCGYFGiTy5RX0eJ2uWmBAFlFWq732FD4l',
        '2022-11-11 18:33:43',
        '2022-11-11 18:33:43'
    ), (
        39,
        '62539',
        'Lenka Dobrovolná',
        'miluse.jaskova@example.org',
        '2022-11-11 18:33:43',
        '$2y$10$z1Nkjc9LqA/blDj/zcnzq.PNUKlvH0t40zh3DiiETvWMvyR7CCbQ6',
        NULL,
        NULL,
        '7TzIBE9fjogIzsP1jf98WR7bmW9lU880Uj8UdSRFJ3dRE5ByWIPXw3MjlmVg',
        '2022-11-11 18:33:43',
        '2022-11-11 18:33:43'
    ), (
        40,
        '63781',
        'Libuše Dudová',
        'vlastimil52@example.org',
        '2022-11-11 18:33:43',
        '$2y$10$tY0QEj7aCqGtZTPXcrdi7uotpVySytT7LqFIyQH4IkYrjf8LpQRR6',
        NULL,
        NULL,
        'FRJ9zLX9sMGILHJYrKspuXhGpMCjeziOFX5qk9060FE6hlM1rD7630VejzrA',
        '2022-11-11 18:33:43',
        '2022-11-11 18:33:43'
    ), (
        41,
        '61142',
        'Renata Kantorová',
        'rybarova.miroslav@example.com',
        '2022-11-11 21:43:18',
        '$2y$10$eHqsjHOT6q/Lf4JRmP6JnO.Enid0bjKT6ZZ/fJlQG.MFmPBRNEsGS',
        NULL,
        NULL,
        'itkrGXlm2Hm04gUIF3KoIHBAQGRMDmc8Ezn6TkZi9QdKXAB4GoDpr5kDbZDt',
        '2022-11-11 21:43:19',
        '2022-11-11 21:43:19'
    ), (
        42,
        '64476',
        'JUDr. Natálie Hladíková',
        'radka45@example.org',
        '2022-11-11 21:43:18',
        '$2y$10$z7GcoHoTrm5U1FcWZi4q3e7DaZQqlIypmaGkF05kslhTee9/gGC6e',
        NULL,
        NULL,
        'av3OZcXzsRqpB12P8jR5sSgLuSBKRnf0NxuerJWyOq0zQ3FnCPuCH8Ov6XtR',
        '2022-11-11 21:43:19',
        '2022-11-11 21:43:19'
    ), (
        43,
        '63882',
        'Lenka Žůrková',
        'dominika.houdek@example.org',
        '2022-11-11 21:43:18',
        '$2y$10$TqNfPzIsK1JV0d2LDIDIXe9TIG3ipM9oMs1eFWPI6LXqD0Cvr8uMq',
        NULL,
        NULL,
        '0QoV9Di5vT5VHqpKLpTVZDEGI70GnzocuGkUKxl3tpAkhqOVxBXp5hW71Zky',
        '2022-11-11 21:43:19',
        '2022-11-11 21:43:19'
    ), (
        44,
        '64759',
        'Vítězslav Zach',
        'anna.cechova@example.com',
        '2022-11-11 21:43:18',
        '$2y$10$H7f5OpkOIQ4Okh70/8c57O3AJidwe6miFcpUCcBp0hh9aq3b1j8my',
        NULL,
        NULL,
        '2SYiMhWUzoXaXomzJB1FCHDhLdrnTDMHGs187THVSdWYFtZUNcuSsi8yh75A',
        '2022-11-11 21:43:19',
        '2022-11-11 21:43:19'
    ), (
        45,
        '63852',
        'Martina Pokorná',
        'sarka44@example.org',
        '2022-11-11 21:43:18',
        '$2y$10$dykBa5.k.q1dqC6mZmXGmO5y4uBpU9GsYEl5ZJjO/wg.6mBLJi/EO',
        NULL,
        NULL,
        'QfNLLBNeZtWhjCWOiOgZii9XkPdwMkp0DaDITu1OfJmr5luV1UUUFJv30lRt',
        '2022-11-11 21:43:19',
        '2022-11-11 21:43:19'
    ), (
        46,
        '63983',
        'Zuzana Tichá',
        'gsvarcova@example.com',
        '2022-11-11 21:43:18',
        '$2y$10$4Up.KLCh7eqGkDAqKQdXYuUq39Ub1NGLSgAVpk.PikDJgsmQYNjFm',
        NULL,
        NULL,
        'RCnAvlwAv9vL5VnM42ysx92I5CvRy0CfmlTqW1RiyAWm11c6f7g6w16AphNN',
        '2022-11-11 21:43:19',
        '2022-11-11 21:43:19'
    ), (
        47,
        '63199',
        'Viktor Florián',
        'ludvik.konecny@example.org',
        '2022-11-11 21:43:18',
        '$2y$10$7VqBTfnY7nnty6UV9SobXu.EeqnsLlh0.X3FSV0n2wItq81BLZOhS',
        NULL,
        NULL,
        'BDhi4zKXRYTsZqN1jqTE8TSRS2tXMSJ3R8L8mSL587JQbxdTqCJqCyeOXGH5',
        '2022-11-11 21:43:19',
        '2022-11-11 21:43:19'
    ), (
        48,
        '62580',
        'Vladimír Zábranský',
        'stefan.linhartova@example.org',
        '2022-11-11 21:43:18',
        '$2y$10$iC.E1f5DaALY9RqDk.OQCOsIIOUIfh2QQl6mEtqZspop722bLAR5m',
        NULL,
        NULL,
        'V3WPWs3uXnHqnplM7OabayCyBWGs3EUzpBfJdsDfV3TdCto0rscBB5JrraRF',
        '2022-11-11 21:43:19',
        '2022-11-11 21:43:19'
    ), (
        49,
        '62177',
        'doc. Stanislava Vašíčková',
        'gfridrich@example.net',
        '2022-11-11 21:43:18',
        '$2y$10$Y1D98kMuF2UbaFBZRYBGtOKYpnn4TAKnd6aI4RciD7vo4sVZvDR66',
        NULL,
        NULL,
        'kD9ZAY54WtQkE9Su7khQDLqs5moYScVGpkRQySG4TMwQ4qhf2nFsZKtXuhba',
        '2022-11-11 21:43:19',
        '2022-11-11 21:43:19'
    ), (
        50,
        '61577',
        'Jiří Chromý',
        'pavla.suchankova@example.org',
        '2022-11-11 21:43:19',
        '$2y$10$qFD7mNYrD8sI.fPAfsdO5u4F1Wpn0GeZQqNcMjMF5Tr3FHa01swru',
        NULL,
        NULL,
        'qBXxoswDUzY0sOJhZ2h7gjRb0ITByPOkwSYVRntjHZK0PzPjqgOHSLCI5rC2',
        '2022-11-11 21:43:19',
        '2022-11-11 21:43:19'
    ), (
        51,
        '61625',
        'Klika Miroslavv',
        'klika@khn.cz',
        '2022-11-12 11:23:52',
        '$2y$10$subTR6wjPcqLUo0TQ2qukuSDex7yUTaCmzou8tV/F8cv/je1zFOlW',
        NULL,
        NULL,
        NULL,
        '2022-11-12 11:23:11',
        '2022-11-12 11:23:52'
    ), (
        52,
        '62764',
        'Ing. Marta Teplá',
        'imachackova@example.net',
        '2022-11-13 15:22:56',
        '$2y$10$4/LVWRP9ZYYDrWv/PS9HQ.IOywhurc5NBouHvmPD02UwhCtb7PeOi',
        NULL,
        NULL,
        'pELdxmBE0l15ApCvoi2tz8Coaav555lqXKSULXDH90vOZn9VpFJ1RjOBcd9S',
        '2022-11-13 15:22:57',
        '2022-11-13 15:22:57'
    ), (
        53,
        '62158',
        'Bohumil Sadílek',
        'chalupa.miluse@example.com',
        '2022-11-13 15:22:56',
        '$2y$10$wY2kN7LBjiI3sPlUwPhWZOoepWh5yEIP1Dqq3HI61x/nKZapfZWVO',
        NULL,
        NULL,
        'wlDAv0rEf0OwBLu87PoZqH65vOnB2Up3QeZxnANn3Ayo7yixAguWFaPfryuQ',
        '2022-11-13 15:22:57',
        '2022-11-13 15:22:57'
    ), (
        54,
        '61761',
        'Pavel Fučík',
        'vklouckova@example.org',
        '2022-11-13 15:22:57',
        '$2y$10$g515.wGXRSOJpZHI8PWCfu3HW2aA.nmbRg4Guj1.91wlvO.KLfMA2',
        NULL,
        NULL,
        'z1BuUryx7c5o8Vrlos0ZGLWQLMDDkITr2yCRZ31RJsD5d5o2yHnbqeQBmwpZ',
        '2022-11-13 15:22:57',
        '2022-11-13 15:22:57'
    ), (
        55,
        '64715',
        'PhDr. Zdeňka Šípková',
        'ludvik.iveta@example.org',
        '2022-11-13 15:22:57',
        '$2y$10$aLaADlz56J/O83y9TjkBuOuJa4xIfRQ35RqDGz7zynM3FEKLBPLyi',
        NULL,
        NULL,
        'gyj1TJdjsRTTOcyC1kO7Cf7B8WtZCerdhnTa7bTlVA4gjWemBNfCjjyXqTsi',
        '2022-11-13 15:22:57',
        '2022-11-13 15:22:57'
    ), (
        56,
        '62590',
        'David Kupec',
        'cmikulaskova@example.net',
        '2022-11-13 15:22:57',
        '$2y$10$brY0K1uulzEdGXWpTmpAvukYe2WuugIXE0ASpkOm.2HuIjNOaK/8K',
        NULL,
        NULL,
        'swjh1fK0FBVP8sWn8d41OknLPNTcQezGQ9y1f6qjDLn8hQyqtGg693Z158VP',
        '2022-11-13 15:22:57',
        '2022-11-13 15:22:57'
    ), (
        57,
        '63099',
        'Bc. Matyáš Rous',
        'jpetrik@example.com',
        '2022-11-13 15:22:57',
        '$2y$10$kYagBHtVSbKgr0KIZAbvlusQKJTZldNfQh/dJF4iLeEsUwsXOM8rO',
        NULL,
        NULL,
        'yx3OX0zQvXeX25SFScWK0393krU60Qfzsg7MXTlpzQ7duPfh51B3i2N9GEtp',
        '2022-11-13 15:22:57',
        '2022-11-13 15:22:57'
    ), (
        58,
        '61158',
        'Kateřina Kuželová',
        'lenka.fialova@example.com',
        '2022-11-13 15:22:57',
        '$2y$10$4gx1GLNL7RIUa2iczO1ikOH/rb9WHN8OARw4ZwaAlM8t6PITZepbC',
        NULL,
        NULL,
        'OMU416Rumub5Q9V3w2FpO9K2DwruQOI4UNArGTekHisJ1aqhkRakx4t8O3Kd',
        '2022-11-13 15:22:57',
        '2022-11-13 15:22:57'
    ), (
        59,
        '62615',
        'JUDr. Ladislav Maxa',
        'dusan.vorisek@example.org',
        '2022-11-13 15:22:57',
        '$2y$10$GN3h6X4dzva8OFx0V5z51uqdUab3eeCUqsNHSL3BD5DLibGlUMde2',
        NULL,
        NULL,
        '0QB4AEq3RiQnMXWXbUoffKabKEJTmfINiCukcYtJOALpgpUQT4vnUJKGu7Lw',
        '2022-11-13 15:22:57',
        '2022-11-13 15:22:57'
    ), (
        60,
        '61362',
        'Jana Bergerová',
        'dagmar49@example.com',
        '2022-11-13 15:22:57',
        '$2y$10$oH/esQ99Wo36u5Q2SjIatOvKhKLM0J..4ex1SyNdmw.t98dhaSNwq',
        NULL,
        NULL,
        'GuSojQRl7ahdMFc0Nl0rBi2kaMGXfOoqWmuj52juQq2Ug24HbnzccQyof128',
        '2022-11-13 15:22:57',
        '2022-11-13 15:22:57'
    ), (
        61,
        '62710',
        'Miloš Plachý',
        'kanova.daniela@example.net',
        '2022-11-13 15:22:57',
        '$2y$10$hiv7rR9OZWncAkLV8ex9b.dDO3ScYlzd68NZOS/tjISDJT4eP5iU.',
        NULL,
        NULL,
        'TJcKMUTS1vObFzpW552ZfArgt3mC7BZ1JYODt1AKAi22xonxEOOhDOeEst3i',
        '2022-11-13 15:22:57',
        '2022-11-13 15:22:57'
    );

--

-- Indexy pro exportované tabulky

--

--

-- Indexy pro tabulku `departments`

--

ALTER TABLE `departments` ADD PRIMARY KEY (`id`);

--

-- Indexy pro tabulku `department_colors`

--

ALTER TABLE `department_colors` ADD PRIMARY KEY (`id`);

--

-- Indexy pro tabulku `employees`

--

ALTER TABLE `employees` ADD PRIMARY KEY (`id`);

--

-- Indexy pro tabulku `failed_jobs`

--

ALTER TABLE `failed_jobs`
ADD PRIMARY KEY (`id`),
ADD
    UNIQUE KEY `failed_jobs_uuid_unique` (`uuid`);

--

-- Indexy pro tabulku `jobs`

--

ALTER TABLE `jobs` ADD PRIMARY KEY (`id`);

--

-- Indexy pro tabulku `migrations`

--

ALTER TABLE `migrations` ADD PRIMARY KEY (`id`);

--

-- Indexy pro tabulku `password_resets`

--

ALTER TABLE `password_resets`
ADD
    KEY `password_resets_email_index` (`email`);

--

-- Indexy pro tabulku `personal_access_tokens`

--

ALTER TABLE
    `personal_access_tokens`
ADD PRIMARY KEY (`id`),
ADD
    UNIQUE KEY `personal_access_tokens_token_unique` (`token`),
ADD
    KEY `personal_access_tokens_tokenable_type_tokenable_id_index` (
        `tokenable_type`,
        `tokenable_id`
    );

--

-- Indexy pro tabulku `users`

--

ALTER TABLE `users`
ADD PRIMARY KEY (`id`),
ADD
    UNIQUE KEY `users_personal_number_unique` (`personal_number`),
ADD
    UNIQUE KEY `users_email_unique` (`email`);

--

-- AUTO_INCREMENT pro tabulky

--

--

-- AUTO_INCREMENT pro tabulku `departments`

--

ALTER TABLE
    `departments` MODIFY `id` bigint(20) UNSIGNED NOT NULL AUTO_INCREMENT,
    AUTO_INCREMENT = 32;

--

-- AUTO_INCREMENT pro tabulku `department_colors`

--

ALTER TABLE
    `department_colors` MODIFY `id` bigint(20) UNSIGNED NOT NULL AUTO_INCREMENT,
    AUTO_INCREMENT = 14;

--

-- AUTO_INCREMENT pro tabulku `employees`

--

ALTER TABLE
    `employees` MODIFY `id` bigint(20) UNSIGNED NOT NULL AUTO_INCREMENT,
    AUTO_INCREMENT = 869;

--

-- AUTO_INCREMENT pro tabulku `failed_jobs`

--

ALTER TABLE
    `failed_jobs` MODIFY `id` bigint(20) UNSIGNED NOT NULL AUTO_INCREMENT;

--

-- AUTO_INCREMENT pro tabulku `jobs`

--

ALTER TABLE
    `jobs` MODIFY `id` bigint(20) UNSIGNED NOT NULL AUTO_INCREMENT,
    AUTO_INCREMENT = 66;

--

-- AUTO_INCREMENT pro tabulku `migrations`

--

ALTER TABLE
    `migrations` MODIFY `id` int(10) UNSIGNED NOT NULL AUTO_INCREMENT,
    AUTO_INCREMENT = 10;

--

-- AUTO_INCREMENT pro tabulku `personal_access_tokens`

--

ALTER TABLE
    `personal_access_tokens` MODIFY `id` bigint(20) UNSIGNED NOT NULL AUTO_INCREMENT;

--

-- AUTO_INCREMENT pro tabulku `users`

--

ALTER TABLE
    `users` MODIFY `id` bigint(20) UNSIGNED NOT NULL AUTO_INCREMENT,
    AUTO_INCREMENT = 62;

COMMIT;

/*!40101 SET CHARACTER_SET_CLIENT=@OLD_CHARACTER_SET_CLIENT */

;

/*!40101 SET CHARACTER_SET_RESULTS=@OLD_CHARACTER_SET_RESULTS */

;

/*!40101 SET COLLATION_CONNECTION=@OLD_COLLATION_CONNECTION */

;
